,name,medal_type,count
0,671,Bronze Medal,1
1,AABERG IVERSEN Sarah,Bronze Medal,1
2,AARDAHL Maren,Gold Medal,1
3,AARTS Laura,Bronze Medal,1
4,ABDI Bashir,Silver Medal,1
5,ABDULLAEV Gulomjon,Bronze Medal,1
6,ABE Hifumi,Gold Medal,1
7,ABE Hifumi,Silver Medal,1
8,ABE Uta,Silver Medal,1
9,ABHISHEK Abhishek,Bronze Medal,1
10,ABOUDOU MOINDZE Djamili-Dini,Bronze Medal,1
11,ACOSTA FERNANDEZ Yasmani,Silver Medal,1
12,ADAM Adriana,Gold Medal,1
13,ADDIS Baptiste,Silver Medal,1
14,ADEBAYO Bam,Gold Medal,1
15,ADJIBI Eliezer,Gold Medal,1
16,ADRIANA,Silver Medal,1
17,AGBEGNENOU Clarisse,Bronze Medal,1
18,AGBEGNENOU Clarisse,Gold Medal,1
19,AHMAN David,Gold Medal,1
20,AHMED Sara,Silver Medal,1
21,AKAMA Liz,Silver Medal,1
22,AKBAS Hatice,Silver Medal,1
23,AKGUL Taha,Bronze Medal,1
24,AKHOMACH Ilias,Bronze Medal,1
25,AKIO Augusto,Bronze Medal,1
26,AKLIOUCHE Maghnes,Silver Medal,1
27,ALBA Rafael,Bronze Medal,1
28,ALBERS Felice,Gold Medal,1
29,ALBERT Korbin,Gold Medal,1
30,ALBERTARRIO Agustina,Bronze Medal,1
31,ALBICY Andrew,Silver Medal,1
32,ALCANTARA REYES Yunior,Bronze Medal,1
33,ALCARAZ Carlos,Silver Medal,1
34,ALDRIDGE Eleanor,Gold Medal,1
35,ALDRIDGE Matt,Bronze Medal,1
36,ALEKNA Mykolas,Silver Medal,1
37,ALEKSANYAN Artur,Silver Medal,1
38,ALESSIO Simone,Bronze Medal,1
39,ALEXANDRE COSTA NUNES Nyeme Victor,Bronze Medal,1
40,ALEXY Jack,Gold Medal,1
41,ALEXY Jack,Silver Medal,1
42,ALFONSO DOMINGUEZ Loren Berto,Silver Medal,1
43,ALFRED Julien,Gold Medal,1
44,ALFRED Julien,Silver Medal,1
45,ALLMAN Valarie,Gold Medal,1
46,ALONSO Agostina,Bronze Medal,1
47,ALONSO Gracia,Silver Medal,1
48,ALVAREZ Anita,Silver Medal,1
49,ALVAREZ BORGES Erislandy,Gold Medal,1
50,AMAN Aman,Bronze Medal,1
51,AMBLER David,Bronze Medal,1
52,AMI,Gold Medal,1
53,AMOUZADKHALILI Rahman,Silver Medal,1
54,AMOYAN Malkhas,Bronze Medal,1
55,AN Baul,Bronze Medal,1
56,AN Qixuan,Silver Medal,1
57,AN Se Young,Gold Medal,1
58,ANA VITORIA,Silver Medal,1
59,ANDERSON Iona,Bronze Medal,1
60,ANDERSON Iona,Silver Medal,1
61,ANDERSON Lola,Gold Medal,1
62,ANDERSON Matthew,Bronze Medal,1
63,ANDERSSON Lasse,Gold Medal,1
64,ANDRADE Rebeca,Bronze Medal,1
65,ANDRADE Rebeca,Gold Medal,1
66,ANDRADE Rebeca,Silver Medal,2
67,ANDRASFI Tibor,Gold Medal,1
68,ANDRE Sylvain,Silver Medal,1
69,ANDREEV Bozhidar Dimitrov,Bronze Medal,1
70,ANDREEVA Mirra,Silver Medal,1
71,ANDREOLI Angela,Silver Medal,1
72,ANDREWS Abby,Silver Medal,1
73,ANDREWS Charlize,Silver Medal,1
74,ANDREWS Ellesse,Gold Medal,2
75,ANDREWS Ellesse,Silver Medal,1
76,ANGELINA,Silver Medal,1
77,ANGHEL Roxana,Gold Medal,1
78,ANGHEL Roxana,Silver Medal,1
79,ANNING Amber,Bronze Medal,2
80,ANRAKU Sorato,Silver Medal,1
81,ANTONIA,Silver Medal,1
82,ANTROPOVA Ekaterina,Gold Medal,1
83,ANYOMI Nicole,Bronze Medal,1
84,APITHY Bolade,Bronze Medal,1
85,APITHY-BRUNET Manon,Gold Medal,1
86,APPS Olivia,Silver Medal,1
87,ARANCINI Zoe,Silver Medal,1
88,ARAUJO Natalia,Bronze Medal,1
89,AREGAWI Berihu,Silver Medal,1
90,AREVALO Carlos,Bronze Medal,1
91,ARMIT Elle,Silver Medal,1
92,ARMSTRONG Hunter,Gold Medal,1
93,ARMSTRONG Hunter,Silver Medal,1
94,ARNOLDSEN Thomas,Gold Medal,1
95,AROP Marco,Silver Medal,1
96,ARUNOVIC Zorana,Gold Medal,1
97,ASEMOTA Duan,Gold Medal,1
98,ASHER-SMITH Dina,Silver Medal,1
99,ASSEFA Tigst,Silver Medal,1
100,ATWELL Amy,Bronze Medal,1
101,AUGER-ALIASSIME Felix,Bronze Medal,1
102,AVERILL Taylor,Bronze Medal,1
103,AVRAMOVIC Aleksa,Bronze Medal,1
104,AWITI ALCARAZ Prisca,Silver Medal,1
105,AXELSEN Viktor,Gold Medal,1
106,AYAYI Valeriane,Silver Medal,1
107,AZARPIRA Amirali,Bronze Medal,1
108,AZU Jeremiah,Bronze Medal,1
109,AZUMA Sera,Bronze Medal,1
110,BABULFATH Tara,Bronze Medal,1
111,BACHMANN ANDERSEN Daniel,Silver Medal,1
112,BACON Sarah,Silver Medal,1
113,BACOSI Diana,Gold Medal,1
114,BADE Loic,Silver Medal,1
115,BADIANE Marieme,Silver Medal,1
116,BAENA Alex,Gold Medal,1
117,BAILEY Christopher,Gold Medal,1
118,BAKANOV Shani,Silver Medal,1
119,BAKASTOVA Yuliia,Gold Medal,1
120,BALEIWAIRIKI Iosefo,Silver Medal,1
121,BALK Lars,Gold Medal,1
122,BALZER Sara,Silver Medal,1
123,BAN Hyojin,Gold Medal,1
124,BANTI Caterina Marianna,Gold Medal,1
125,BARAJAS Angel,Silver Medal,1
126,BARANSKI Fabian,Bronze Medal,1
127,BARBELIN Lisa,Bronze Medal,1
128,BARBOSA Jade,Bronze Medal,1
129,BARBOSU Ana,Bronze Medal,1
130,BARDZILOUSKAYA Viyaleta,Silver Medal,1
131,BARKER Elinor,Bronze Medal,1
132,BARKER Elinor,Silver Medal,1
133,BARKER Megan,Bronze Medal,1
134,BARKHORDARI Mehran,Silver Medal,1
135,BARRAQUE Jean Pascal,Gold Medal,1
136,BARRIOS Pablo,Gold Medal,1
137,BARROWS Ian,Bronze Medal,1
138,BARSHIM Mutaz Essa,Bronze Medal,1
139,BATTEN Haley,Silver Medal,1
140,BATTOCLETTI Nadia,Silver Medal,1
141,BATUM Nicolas,Silver Medal,1
142,BAVUUDORJ Baasankhuu,Silver Medal,1
143,BEAUGRAND Cassandre,Gold Medal,1
144,BEDNAREK Kenneth,Silver Medal,1
145,BEKAURI Lasha,Gold Medal,1
146,BELENIUK Zhan,Bronze Medal,1
147,BELL Georgia,Bronze Medal,1
148,BELLANDI Alice,Gold Medal,1
149,BEN SEGHIR Eliesse,Bronze Medal,1
150,BENEGAS Perris,Silver Medal,1
151,BENJAMIN Rai,Gold Medal,2
152,BENNAMA Billal,Silver Medal,1
153,BENUS Matej,Bronze Medal,1
154,BERAN Jiri,Bronze Medal,1
155,BERES Amalia,Gold Medal,1
156,BERGER Ann-Katrin,Bronze Medal,1
157,BERGERE Leo,Bronze Medal,1
158,BERGMANN Julia Isabelle,Bronze Medal,1
159,BERKOFF Katharine,Bronze Medal,1
160,BERKOFF Katharine,Gold Medal,1
161,BERMUDEZ Fancy,Silver Medal,1
162,BERNABE Adrian,Gold Medal,1
163,BERNIES Romane,Silver Medal,1
164,BEST Justin,Gold Medal,1
165,BETHUNE Croix,Gold Medal,1
166,BETLEHEM David,Bronze Medal,1
167,BHAKER Manu,Bronze Medal,2
168,BIANCHI Guillaume,Silver Medal,1
169,BIENIEK Mateusz,Silver Medal,1
170,BIGHAM Daniel,Silver Medal,1
171,BIJAC Marko,Silver Medal,1
172,BIJEN Koen,Gold Medal,1
173,BILES Simone,Gold Medal,3
174,BILES Simone,Silver Medal,1
175,BILJAKA Matias,Silver Medal,1
176,BIRD Kieran,Gold Medal,1
177,BISKUP Mateusz,Bronze Medal,1
178,BISULTANOV Turpal Ali,Bronze Medal,1
179,BLAAK Pirmin,Gold Medal,1
180,BLADES Kennedy Alexis,Silver Medal,1
181,BLAKE Jerome,Gold Medal,1
182,BLEDDYN Oliver,Gold Medal,1
183,BLOK Justen,Gold Medal,1
184,BLYDE Michaela,Gold Medal,1
185,BOBECK Vilma,Silver Medal,1
186,BODNAR Ancuta,Gold Medal,1
187,BODNAR Ancuta,Silver Medal,1
188,BOGDANOVIC Bogdan,Bronze Medal,1
189,BOL Femke,Bronze Medal,1
190,BOL Femke,Gold Medal,1
191,BOL Femke,Silver Medal,1
192,BOLADZ Bartlomiej,Silver Medal,1
193,BOLDING Morgan,Gold Medal,1
194,BOLTAEV Davlat,Bronze Medal,1
195,BONFIM Caio,Silver Medal,1
196,BONTUS Valentin,Gold Medal,1
197,BOOKER Devin,Gold Medal,1
198,BOONSTRA Benthe,Gold Medal,1
199,BOOTH Esme,Silver Medal,1
200,BOREL Yannick,Silver Medal,1
201,BORLASE Isobel,Bronze Medal,1
202,BOSCO Eugenia,Silver Medal,1
203,BOSETTI Caterina Chiara,Gold Medal,1
204,BOTHA Bryony,Silver Medal,1
205,BOTIN le CHEVER Diego,Gold Medal,1
206,BOUCHOUARI Benjamin,Bronze Medal,1
207,BOUKAMIR Mehdi,Bronze Medal,1
208,BOUKLI Shirine,Bronze Medal,1
209,BOUKLI Shirine,Gold Medal,1
210,BOUKTIT Sarah,Silver Medal,1
211,BOUWMEESTER Marit,Gold Medal,1
212,BOWEN Alex,Bronze Medal,1
213,BRAGA GUIMARAES Gabriela,Bronze Medal,1
214,BRAND Jule,Bronze Medal,1
215,BRASH Scott,Gold Medal,1
216,BRATTSET DALE Kari,Gold Medal,1
217,BRAYSHAW Georgina,Gold Medal,1
218,BREISTOEL Kristine,Gold Medal,1
219,BRETT Olivia,Gold Medal,1
220,BRIGHTMORE Harry,Gold Medal,1
221,BRINKMAN Thierry,Gold Medal,1
222,BRIZARD Antoine,Gold Medal,1
223,BROADBELL Rasheed,Bronze Medal,1
224,BROENINK Stef,Silver Medal,1
225,BROL CARDENAS Jean Pierre,Bronze Medal,1
226,BROOKS Aaron Marquel,Bronze Medal,1
227,BROWN Aaron,Gold Medal,1
228,BROWN Brittany,Bronze Medal,1
229,BROWN Grace,Gold Medal,1
230,BROWN Kaylyn,Gold Medal,1
231,BROWN Kaylyn,Silver Medal,1
232,BROWN Ronald,Bronze Medal,1
233,BROWN Sky,Bronze Medal,1
234,BRUESSLER Sarah,Silver Medal,1
235,BRUNCKHORST Svenja,Gold Medal,1
236,BRUNNER Nina,Bronze Medal,1
237,BUCHARD Amandine,Bronze Medal,1
238,BUCHARD Amandine,Gold Medal,1
239,BUCSA Cristina,Bronze Medal,1
240,BUEHL Klara,Bronze Medal,1
241,BUIS Sarah,Bronze Medal,1
242,BUKIC Luka,Silver Medal,1
243,BULLEN Grace Jacob,Bronze Medal,1
244,BURDICK Cierra,Bronze Medal,1
245,BURG Joosje,Gold Medal,1
246,BURGESS Adam,Silver Medal,1
247,BURGHARDT Alexandra,Bronze Medal,1
248,BURIC Rino,Silver Medal,1
249,BURTON Christopher,Silver Medal,1
250,BUTCHER Finn,Gold Medal,1
251,BUTKEREIT Miriam,Silver Medal,1
252,BUTLER Aaliyah,Gold Medal,1
253,BYLON Atheyna Bibeichi,Silver Medal,1
254,CAIRO Sofia,Bronze Medal,1
255,CAKIROGLU Buse Naz,Silver Medal,1
256,CAMACHO-QUINN Jasmine,Bronze Medal,1
257,CAMBEI Mihaela Valentina,Silver Medal,1
258,CAMBI Carlotta,Gold Medal,1
259,CAMELLO Sergio,Gold Medal,1
260,CAMILION Juana,Silver Medal,1
261,CAMPBELL Bronte,Gold Medal,1
262,CAMPBELL Emily,Bronze Medal,1
263,CAMPBELL Rajindra,Bronze Medal,1
264,CAMPBELL-ORDE Annie,Bronze Medal,1
265,CAMPOY Maria,Bronze Medal,1
266,CAMUS Paula,Gold Medal,1
267,CANDASSAMY Marie-Florence,Silver Medal,1
268,CANETT Kayla,Bronze Medal,1
269,CANTER Rosalind,Gold Medal,1
270,CAO Liguo,Silver Medal,1
271,CAO Yuan,Gold Medal,1
272,CAPEWELL Sophie,Gold Medal,1
273,CAREY Jade,Bronze Medal,1
274,CAREY Jade,Gold Medal,1
275,CARGNIN Daniel,Bronze Medal,1
276,CARLE Timothee,Gold Medal,1
277,CARLIN Jack,Bronze Medal,1
278,CARLIN Jack,Silver Medal,1
279,CARLINI Lauren,Silver Medal,1
280,CARLSON Chris,Bronze Medal,1
281,CARNEGIE Sholto,Gold Medal,1
282,CARRINGTON Lisa,Gold Medal,3
283,CARTWRIGHT Jack,Silver Medal,1
284,CASADEI Gabriele,Silver Medal,1
285,CASADO Agustin,Bronze Medal,1
286,CASAS Lara,Bronze Medal,1
287,CASTELLARO MORELLO Juana,Bronze Medal,1
288,CASTRYCK Titouan,Silver Medal,1
289,CAVUSOGLU TOSUN Buse,Bronze Medal,1
290,CECCON Thomas,Bronze Medal,1
291,CECCON Thomas,Gold Medal,1
292,CELAYA HERNANDEZ Juan Manuel,Silver Medal,1
293,CENTOFANTI Martina,Bronze Medal,1
294,CHAARI Sarah,Bronze Medal,1
295,CHALMERS Kyle,Bronze Medal,1
296,CHALMERS Kyle,Silver Medal,2
297,CHANG Hao,Gold Medal,1
298,CHANG Yani,Bronze Medal,1
299,CHANG Yani,Gold Medal,1
300,CHANG Yuan,Gold Medal,1
301,CHARLES Harry,Gold Medal,1
302,CHARRON Maude,Silver Medal,1
303,CHASTANET Maximilien,Bronze Medal,1
304,CHATAIN Peter,Bronze Medal,1
305,CHEBET Beatrice,Gold Medal,2
306,CHEMUTAI Peruth,Silver Medal,1
307,CHEN Meng,Gold Medal,2
308,CHEN Nien Chin,Bronze Medal,1
309,CHEN Qing Chen,Gold Medal,1
310,CHEN Yang,Silver Medal,1
311,CHEN Yi,Silver Medal,1
312,CHEN Yiwen,Gold Medal,2
313,CHEN Yuxi,Gold Medal,1
314,CHEN Yuxi,Silver Medal,1
315,CHENG Wentao,Gold Medal,1
316,CHENG Yujie,Bronze Medal,1
317,CHEPTEGEI Joshua,Gold Medal,1
318,CHERKI Rayan,Silver Medal,1
319,CHEROTICH Faith,Bronze Medal,1
320,CHERY Alexia,Silver Medal,1
321,CHEUNG Ka Long,Gold Medal,1
322,CHIA Aaron,Bronze Medal,1
323,CHILES Jordan,Gold Medal,1
324,CHINENYEZE Barthelemy,Gold Medal,1
325,CHIRAULT Thomas,Silver Medal,1
326,CHIUMENTO Luca,Silver Medal,1
327,CHO Yeongjae,Silver Medal,1
328,CHOE Hyo Gyong,Bronze Medal,1
329,CHOI Sebin,Silver Medal,1
330,CHOPRA Neeraj,Silver Medal,1
331,CHOTARD Joris,Silver Medal,1
332,CHRISTENSON Micah,Bronze Medal,1
333,CHRISTOU Apostolos,Silver Medal,1
334,CIRILO DUBOYS Yarisleidis,Bronze Medal,1
335,CISSE Cheick Sallah,Bronze Medal,1
336,CLAESSENS Zoe,Bronze Medal,1
337,CLARKE Joseph,Silver Medal,1
338,CLEVENOT Trevor,Gold Medal,1
339,CLEVERING Ymkje,Gold Medal,1
340,CLOUVEL Elodie,Silver Medal,1
341,COCKRELL Anna,Silver Medal,1
342,COFFEY Samantha,Gold Medal,1
343,COLLETT Laura,Bronze Medal,1
344,COLLETT Laura,Gold Medal,1
345,COLLIER Napheesa,Gold Medal,1
346,COLLINS Jackson,Silver Medal,1
347,CONNOLLY Erika,Silver Medal,1
348,CONSONNI Chiara,Gold Medal,1
349,CONSONNI Simone,Bronze Medal,1
350,CONSONNI Simone,Silver Medal,1
351,CONTE BONIN Paolo,Bronze Medal,1
352,COOK Karl,Silver Medal,1
353,COOK Kassidy,Silver Medal,1
354,COOPER Marcus,Bronze Medal,1
355,COPPER Kahleah,Gold Medal,1
356,CORBEAU Caspar,Bronze Medal,1
357,CORDINIER Isaia,Silver Medal,1
358,CORNEA Andrei Sebastian,Gold Medal,1
359,CORNISH Thomas,Bronze Medal,1
360,CORRALES Rodrigo,Bronze Medal,1
361,CORRIGAN Alysha,Silver Medal,1
362,CORRIGAN Liam,Gold Medal,1
363,COSENTINO Cristina,Bronze Medal,1
364,COULIBALY Bilal,Silver Medal,1
365,COWLEY Rhydian,Bronze Medal,1
366,COZMIUC Ionela Livia,Silver Medal,1
367,CRAIG Emily,Gold Medal,1
368,CRAVIOTTO Saul,Bronze Medal,1
369,CRESPI BARRIGA Paula,Gold Medal,1
370,CROON Jorrit Jan Willem,Gold Medal,1
371,CROSSLEY Caroline,Silver Medal,1
372,CROUSER Ryan,Gold Medal,1
373,CROVETTO CHADID Francisca,Gold Medal,1
374,CSIPES Tamara,Bronze Medal,1
375,CSIPES Tamara,Silver Medal,2
376,CUBARSI Pau,Gold Medal,1
377,CUK Milos,Gold Medal,1
378,CUMMINS Olivia,Gold Medal,1
379,CUNNINGHAM Caden,Silver Medal,1
380,CUPIDO Luca,Bronze Medal,1
381,CUPR Michal,Bronze Medal,1
382,CURRY Brooks,Silver Medal,1
383,CURRY Stephen,Gold Medal,1
384,CYSIQUE Sarah Leonie,Bronze Medal,1
385,CYSIQUE Sarah Leonie,Gold Medal,1
386,CZAJA Dominik,Bronze Medal,1
387,CZARKOWSKI Jaime,Silver Medal,1
388,D'AMATO Alice,Gold Medal,1
389,D'AMATO Alice,Silver Medal,1
390,DABROWSKI Gabriela,Bronze Medal,1
391,DAHER de MENEZES Thaisa,Bronze Medal,1
392,DAHLBERG Anton,Bronze Medal,1
393,DAHMKE Rune,Silver Medal,1
394,DAJOMES BARRERA Neisi Patricia,Bronze Medal,1
395,DAKE Kyle Douglas,Bronze Medal,1
396,DALEY Thomas,Silver Medal,1
397,DAN Wen,Silver Medal,1
398,DANESI Anna,Gold Medal,1
399,DANIELS Chloe,Silver Medal,1
400,DANNEBERG Jean-Paul,Silver Medal,1
401,DANY DANN,Silver Medal,1
402,DARLEUX MINGAM Cleopatre,Silver Medal,1
403,DAUBE Hannes,Bronze Medal,1
404,DAUDET Joris,Gold Medal,1
405,DAVEY Lewis,Bronze Medal,2
406,DAVIDOVAC Dejan,Bronze Medal,1
407,DAVIDS Selvyn,Bronze Medal,1
408,DAVIDS Zain,Bronze Medal,1
409,DAVIDSON Freddie,Bronze Medal,1
410,DAVIDSON Tierna,Gold Medal,1
411,DAVIS Anthony,Gold Medal,1
412,DAVIS Tamari,Gold Medal,1
413,DAVIS-WOODHALL Tara,Gold Medal,1
414,DAVTYAN Artur,Silver Medal,1
415,DAWSON Erica,Bronze Medal,1
416,DAWSON Jacob,Gold Medal,1
417,DEADMON Bryce,Gold Medal,1
418,DEADMON Bryce,Silver Medal,1
419,DEAN Clark,Bronze Medal,1
420,DEAN Tom,Gold Medal,1
421,DEDOVIC Nikola,Gold Medal,1
422,DEFALCO Torey,Bronze Medal,1
423,DEFAY Johanne,Bronze Medal,1
424,DEGUCHI Christa,Gold Medal,1
425,DELESTRE Simon,Bronze Medal,1
426,DENG Lijuan,Silver Medal,1
427,DENG Yawen,Gold Medal,1
428,DENNY Matthew,Bronze Medal,1
429,DENT Abby,Silver Medal,1
430,DEPLANO Leonardo,Bronze Medal,1
431,DERRON Julie,Silver Medal,1
432,DIAZ FORTUN Jordan Alejandro,Gold Medal,1
433,DIAZ HERNANDEZ Andy,Bronze Medal,1
434,DIAZ de ARMAS Zoe,Bronze Medal,1
435,DICKE Pien,Gold Medal,1
436,DICKINSON Samuel,Bronze Medal,1
437,DICKO Romane,Bronze Medal,1
438,DICKO Romane,Gold Medal,1
439,DIEHM Natalya,Bronze Medal,1
440,DIESSE Aurelien,Gold Medal,1
441,DIGBY Tom,Gold Medal,1
442,DIKEC Yusuf,Silver Medal,1
443,DING Xinyi,Gold Medal,1
444,DIOUF Andy,Silver Medal,1
445,DJALO Alpha Oumar,Gold Medal,1
446,DJANKEU NGAMBA Cindy Winner,Bronze Medal,1
447,DJOKOVIC Novak,Gold Medal,1
448,DJURAEV Akbar,Silver Medal,1
449,DO Gyeongdong,Gold Medal,1
450,DOBRIC Ognjen,Bronze Medal,1
451,DOBSON Charles,Bronze Medal,1
452,DODD Chase William,Bronze Medal,1
453,DODD Ryder,Bronze Medal,1
454,DOLGOPYAT Artem,Silver Medal,1
455,DOMINGUEZ Diego,Bronze Medal,1
456,DONNELLY Samantha,Silver Medal,1
457,DOORSOUN Sara,Bronze Medal,1
458,DOSTAL Josef,Gold Medal,1
459,DOUE Desire,Silver Medal,1
460,DOUGLASS Kate,Gold Medal,2
461,DOUGLASS Kate,Silver Medal,2
462,DOYLE Lauren,Bronze Medal,1
463,DOYLE Phili,Bronze Medal,1
464,DRASOVIC Radomir,Gold Medal,1
465,DRENTH Hermijntje,Gold Medal,1
466,DRESSEL Caeleb,Gold Medal,2
467,DRESSEL Caeleb,Silver Medal,1
468,DREWS Andrea,Silver Medal,1
469,DRIESSEN Jan,Gold Medal,1
470,DUARTE ALECRIM Diana,Bronze Medal,1
471,DUBROVICH Jacqueline,Gold Medal,1
472,DUDA SAMPAIO,Silver Medal,1
473,DUDAEV Islam,Bronze Medal,1
474,DUETZ Annette,Gold Medal,1
475,DUGUMA Tsige,Silver Medal,1
476,DUJSHEBAEV Alex,Bronze Medal,1
477,DUJSHEBAEV Daniel,Bronze Medal,1
478,DULLEMANS Tessa,Silver Medal,1
479,DUNFORD Holly,Bronze Medal,1
480,DUNN Crystal,Gold Medal,1
481,DUPLANTIS Armand,Gold Medal,1
482,DUPONT Antoine,Gold Medal,1
483,DURANT Kevin,Gold Medal,1
484,DURANTI Agnese,Bronze Medal,1
485,DUSMATOV Hasanboy,Gold Medal,1
486,DUSSOULIER Lucas,Silver Medal,1
487,DYGERT Chloe,Bronze Medal,1
488,DYGERT Chloe,Gold Medal,1
489,DZHUZUPBEKOV Uzur,Bronze Medal,1
490,DZIAUGYS Evaldas,Bronze Medal,1
491,De GRASSE Andre,Gold Medal,1
492,EATON Jagger,Silver Medal,1
493,EBDEN Matthew,Gold Medal,1
494,ECHANIZ Pau,Bronze Medal,1
495,ECHIKUNWOKE Annette Nneka,Silver Medal,1
496,EDWARDS Anthony,Gold Medal,1
497,EGONU Paola Ogechi,Gold Medal,1
498,EHLERS Nils,Silver Medal,1
499,EHRLICH Emily,Gold Medal,1
500,EL AZZOUZI Oussama,Bronze Medal,1
501,EL BAKKALI Soufiane,Gold Medal,1
502,EL KAJOUI Munir,Bronze Medal,1
503,EL KHANNOUSS Bilal,Bronze Medal,1
504,EL OUAHDI Zakaria,Bronze Medal,1
505,ELGENDY Ahmed,Gold Medal,1
506,ELKASEVIC Sandra,Bronze Medal,1
507,ELLIS Kendall,Gold Medal,1
508,ELLISON Brady,Bronze Medal,1
509,ELLISON Brady,Silver Medal,1
510,ELOR Amit,Gold Medal,1
511,ELSAYED Mohamed,Bronze Medal,1
512,ELVER Helena,Bronze Medal,1
513,ELWES Charles,Gold Medal,1
514,EMBIID Joel,Gold Medal,1
515,EMURA Misaki,Bronze Medal,1
516,ENACHE Marian Florian,Gold Medal,1
517,ENDEMANN Vivien,Bronze Medal,1
518,ENSING Kyle,Bronze Medal,1
519,EPAILLARD Julien,Bronze Medal,1
520,EPEE Nelson,Gold Medal,1
521,EPPIE Lee Bhekempilo,Silver Medal,1
522,ERRANI Sara,Gold Medal,1
523,ERRIGO Arianna,Silver Medal,1
524,ESMAEILI LEIVESI Saeid,Gold Medal,1
525,ESPAR LLAQUET Anni,Gold Medal,1
526,ESPOSITO Manila,Bronze Medal,1
527,ESPOSITO Manila,Silver Medal,1
528,ESTER RAMOS Laura,Gold Medal,1
529,EVANS Neah,Bronze Medal,1
530,EVANS Neah,Silver Medal,1
531,EVENEPOEL Remco,Gold Medal,2
532,EZZALZOULI Abde,Bronze Medal,1
533,FAHR Sarah Luisa,Gold Medal,1
534,FAN Yunxia,Silver Medal,1
535,FAN Zhendong,Gold Medal,2
536,FARRINGTON Kent,Silver Medal,1
537,FATOVIC Loren,Silver Medal,1
538,FAULKNER Kristen,Gold Medal,2
539,FAURE Theo,Gold Medal,1
540,FAUTHOUX Marine,Silver Medal,1
541,FAVARETTO Martina,Silver Medal,1
542,FAZLIU Laura,Bronze Medal,1
543,FELIX-HOTHAM Jazmin,Gold Medal,1
544,FENG Bin,Silver Medal,1
545,FENG Yu,Gold Medal,1
546,FENG Ziqi,Bronze Medal,1
547,FENTE--DAMERS Rafael,Bronze Medal,1
548,FERJANI Fares,Silver Medal,1
549,FERNANDEZ Daniel,Bronze Medal,1
550,FERRAND PREVOT Pauline,Gold Medal,1
551,FERRE GASET Txell,Bronze Medal,1
552,FETTER Dieuwke,Silver Medal,1
553,FIAMINGO Rossella,Gold Medal,1
554,FIELD Megumi,Silver Medal,1
555,FIELDMAN Henry,Bronze Medal,1
556,FIGUERAS Adrian,Bronze Medal,1
557,FILIPOVIC Radoslav,Gold Medal,1
558,FILMER Caileigh,Silver Medal,1
559,FINK Nic,Gold Medal,1
560,FINK Nic,Silver Medal,2
561,FINKE Bobby,Gold Medal,1
562,FINKE Bobby,Silver Medal,1
563,FINUCANE Emma,Bronze Medal,2
564,FINUCANE Emma,Gold Medal,1
565,FISCHER Justus,Silver Medal,1
566,FISHER Grant,Bronze Medal,2
567,FITSIOU Zoi,Bronze Medal,1
568,FITZSIMMONS Riley,Silver Medal,1
569,FLEETWOOD Tommy,Silver Medal,1
570,FLIPPES Laura,Silver Medal,1
571,FLORIJN Finn,Gold Medal,1
572,FLORIJN Karolien,Gold Medal,1
573,FOCONI Alessio,Silver Medal,1
574,FOJT Sara,Bronze Medal,2
575,FOKKE Luna Noa,Gold Medal,1
576,FOPPA Pauletta,Silver Medal,1
577,FORCA ARIZA Judith,Gold Medal,1
578,FORD Emily,Bronze Medal,1
579,FORD Tom,Gold Medal,1
580,FORNAL Tomasz,Silver Medal,1
581,FORNER Theo,Gold Medal,1
582,FOSTER Carson,Bronze Medal,1
583,FOSTER Carson,Silver Medal,1
584,FOURNIER Evan,Silver Medal,1
585,FOX Emily,Gold Medal,1
586,FOX Jessica,Gold Medal,2
587,FOX Noemie,Gold Medal,1
588,FRANCIS Brooke,Gold Medal,1
589,FREIGANG Laura,Bronze Medal,1
590,FRIEDMANN Adar,Silver Medal,1
591,FRIEDRICH Lea,Bronze Medal,1
592,FRIEDRICH Lea,Silver Medal,1
593,FRIGO Manuel,Bronze Medal,1
594,FRIIS Emma,Bronze Medal,1
595,FRITZ Taylor,Bronze Medal,1
596,FROHMS Merle,Bronze Medal,1
597,FRY Charlotte,Bronze Medal,2
598,FUJINAMI Akari,Gold Medal,1
599,FUKSA Martin,Gold Medal,1
600,FUKUSHIMA Shihomi,Bronze Medal,1
601,FULTON Shaane,Silver Medal,1
602,FUMITA Kenichiro,Gold Medal,1
603,FUNAKUBO Haruka,Bronze Medal,1
604,FUNAKUBO Haruka,Silver Medal,1
605,FURLANI Mattia,Bronze Medal,1
606,GABA Joan-Benjamin,Gold Medal,1
607,GABA Joan-Benjamin,Silver Medal,1
608,GABI NUNES,Silver Medal,1
609,GABI PORTILHO,Silver Medal,1
610,GAHIE Marie Eve,Gold Medal,1
611,GANNA Filippo,Bronze Medal,1
612,GANNA Filippo,Silver Medal,1
613,GARCIA Eric,Gold Medal,1
614,GARCIA GODOY Maica,Gold Medal,1
615,GARCIA Joan,Gold Medal,1
616,GARCIA POLO Marina,Bronze Medal,1
617,GARCIANDIA Imanol,Bronze Medal,1
618,GARNBRET Janja,Gold Medal,1
619,GARRIGOS Francisco,Bronze Medal,1
620,GAUZY Simon,Bronze Medal,1
621,GAZOZ Mete,Bronze Medal,1
622,GAZSO Alida Dora,Bronze Medal,1
623,GAZSO Alida Dora,Silver Medal,1
624,GE Chutong,Bronze Medal,1
625,GEMESI Csanad,Silver Medal,1
626,GEMMELL Erin,Silver Medal,1
627,GENTILI Giacomo,Silver Medal,1
628,GEORGE Cayla,Bronze Medal,1
629,GEORGE Tom,Silver Medal,1
630,GERALDO TEIXEIRA Lorenne,Bronze Medal,1
631,GERASHCHENKO Iryna,Bronze Medal,1
632,GERMADE Rodrigo,Bronze Medal,1
633,GESTIN Nicolas,Gold Medal,1
634,GHADFA DRISSI EL AISSAOUI Ayoub,Silver Medal,1
635,GHANIMI Rachid,Bronze Medal,1
636,GIBBS Rory,Gold Medal,1
637,GIDSEL Mathias,Gold Medal,1
638,GIMENO Vega,Silver Medal,1
639,GIOVANNINI Gaia,Gold Medal,1
640,GIRMA Naomi,Gold Medal,1
641,GIULIANI Maximillian,Bronze Medal,1
642,GKAIDATZIS Petros,Bronze Medal,1
643,GLAETZER Matthew,Bronze Medal,2
644,GLAUSER Laura,Silver Medal,1
645,GLOVER Helen,Silver Medal,1
646,GOBERT Rudy,Silver Medal,1
647,GOFERS Keesja,Silver Medal,1
648,GOGNIAT Audrey,Bronze Medal,1
649,GOLLA Johannes,Silver Medal,1
650,GOMEZ Aleix,Bronze Medal,1
651,GOMEZ Sergio,Gold Medal,1
652,GONCALVES Leonardo,Bronze Medal,1
653,GORZELANY Agustina,Bronze Medal,1
654,GOSE Isabel,Bronze Medal,1
655,GOULD Andrew,Bronze Medal,1
656,GOWLER Jackie,Bronze Medal,1
657,GRABOSCH Pauline,Bronze Medal,1
658,GRADY Michael,Gold Medal,1
659,GRAMBUSCH Mats,Silver Medal,1
660,GRAMBUSCH Tom,Silver Medal,1
661,GRANATTO Maria,Bronze Medal,1
662,GRANDIDIER NKANANG Aaron,Gold Medal,1
663,GRANDVEAU Lena,Silver Medal,1
664,GRANIER Lucie,Silver Medal,1
665,GRANT Imogen,Gold Medal,1
666,GRAY Chelsea,Gold Medal,1
667,GREBENNIKOV Jenia,Gold Medal,1
668,GREEN Sienna,Silver Medal,1
669,GREEN Tom,Bronze Medal,1
670,GREINACHER Sonja,Gold Medal,1
671,GREITEN Pia,Bronze Medal,1
672,GRGIC Marko,Silver Medal,1
673,GRIGALASHVILI Tato,Silver Medal,1
674,GRIMES Katie,Silver Medal,1
675,GRINER Brittney,Gold Medal,1
676,GROBBELAAR Christie,Bronze Medal,1
677,GROSSE Johannes,Silver Medal,1
678,GROUSSET Maxime,Bronze Medal,1
679,GRUCHALLA-WESIERSKI Kasia,Silver Medal,1
680,GU Bingfeng,Silver Medal,1
681,GU Bongil,Gold Medal,1
682,GUAZZINI Vittoria,Gold Medal,1
683,GUDURIC Marko,Bronze Medal,1
684,GUERDAT Steve,Silver Medal,1
685,GUILIANO Chris,Gold Medal,1
686,GUILIANO Chris,Silver Medal,1
687,GULICH Andrin,Bronze Medal,1
688,GULYAS Michelle,Gold Medal,1
689,GUO Qing,Silver Medal,1
690,GUO Qiqi,Gold Medal,1
691,GURULI Lasha,Bronze Medal,1
692,GUTIERREZ Miguel,Gold Medal,1
693,GUY James,Gold Medal,1
694,GUZMAN LOPEZ Yusneylis,Silver Medal,1
695,GWINN Giulia,Bronze Medal,1
696,HAASE Rebekka,Bronze Medal,1
697,HAEFNER Kai,Silver Medal,1
698,HAKE Jule Marie,Bronze Medal,1
699,HAKE Jule Marie,Silver Medal,1
700,HAKIMI Achraf,Bronze Medal,1
701,HALASZ Bence,Silver Medal,1
702,HALD Simon,Gold Medal,1
703,HALES Nathan,Gold Medal,1
704,HALIBURTON Tyrese,Gold Medal,1
705,HALL Quincy,Gold Medal,2
706,HALLIGAN Bronte,Silver Medal,1
707,HALLOCK Ben,Bronze Medal,1
708,HAMBY Dearica,Bronze Medal,1
709,HAN Juyeo,Bronze Medal,1
710,HANCOCK Micha,Silver Medal,1
711,HANCOCK Vincent,Gold Medal,1
712,HANCOCK Vincent,Silver Medal,1
713,HANSEN Anne Mette,Bronze Medal,1
714,HANSEN Mikkel,Gold Medal,1
715,HAO Ting,Gold Medal,1
716,HARDING Anthony,Bronze Medal,1
717,HARIMOTO Miwa,Silver Medal,1
718,HARPER Yasmin,Bronze Medal,1
719,HARRIES Toby,Bronze Medal,1
720,HARRINGTON Kellie,Gold Medal,1
721,HARRIS Meg,Gold Medal,1
722,HARRIS Meg,Silver Medal,2
723,HARRISON Nevin,Silver Medal,1
724,HARVEY Eleanor,Bronze Medal,1
725,HASHIMOTO Daiki,Gold Medal,1
726,HASHIMOTO Soichi,Bronze Medal,1
727,HASHIMOTO Soichi,Silver Medal,1
728,HASSAN Sifan,Bronze Medal,2
729,HASSAN Sifan,Gold Medal,1
730,HATHERLY Alan,Bronze Medal,1
731,HAUGHEY Siobhan Bernadette,Bronze Medal,2
732,HAUGSTED Line,Bronze Medal,1
733,HAVARD Noah,Silver Medal,1
734,HAYATA Hina,Bronze Medal,1
735,HAYATA Hina,Silver Medal,1
736,HAYDOCK-WILSON Alex,Bronze Medal,2
737,HAYES Quanera,Gold Medal,1
738,HAYTER Ethan,Silver Medal,1
739,HE Bing Jiao,Silver Medal,1
740,HE Jiangxin,Silver Medal,1
741,HEARN Sienna,Silver Medal,1
742,HEGERING Marina,Bronze Medal,1
743,HEGGE Noah,Bronze Medal,1
744,HEILMAN Thomas,Silver Medal,1
745,HEINDAHL Kathrine,Bronze Medal,1
746,HELD Ryan,Gold Medal,1
747,HELLVIG Jonatan,Gold Medal,1
748,HELLWIG Malte,Silver Medal,1
749,HELLWIG Tim,Gold Medal,1
750,HENDERSON Anna,Silver Medal,1
751,HENDRICH Kathrin,Bronze Medal,1
752,HENKEN Hans,Bronze Medal,1
753,HENRY Desiree,Silver Medal,1
754,HENRY Lauren,Gold Medal,1
755,HENSELEIT Esther,Silver Medal,1
756,HEPWORTH Harry,Bronze Medal,1
757,HERREM Camilla,Gold Medal,1
758,HERSHKO Raz,Silver Medal,1
759,HESTER Carl,Bronze Medal,1
760,HEYDAROV Hidayat,Gold Medal,1
761,HEYMANN Sebastian,Silver Medal,1
762,HIGASHINO Arisa,Bronze Medal,1
763,HIGUCHI Rei,Gold Medal,1
764,HILDEBRANDT Sarah Ann,Gold Medal,1
765,HINCHLIFFE Louie,Bronze Medal,1
766,HINRICHS Teo,Silver Medal,1
767,HINZE Emma,Bronze Medal,1
768,HIRAKI Cocona,Silver Medal,1
769,HIRANO Miu,Silver Medal,1
770,HIRINI Sarah,Gold Medal,1
771,HOBBS Aleia,Gold Medal,1
772,HOBSON Luke,Bronze Medal,1
773,HOBSON Luke,Silver Medal,1
774,HOCKER Cole,Gold Medal,1
775,HODGKINS BYRNE Mathilda,Bronze Medal,1
776,HODGKINSON Keely,Gold Medal,1
777,HOEDEMAKERS Tje,Gold Medal,1
778,HOEJLUND Mie,Bronze Medal,1
779,HOEST Line Flem,Bronze Medal,1
780,HOFFMAN Leigh,Bronze Medal,1
781,HOGAN-ROCHESTER Asia,Silver Medal,1
782,HOLIDAY Jrue,Gold Medal,1
783,HOLLAND Drew,Bronze Medal,1
784,HOLLINGSWORTH Henry,Bronze Medal,1
785,HOLLOWAY Grant,Gold Medal,1
786,HOLMES Alexis,Gold Medal,1
787,HOLT Maxwell,Bronze Medal,1
788,HONG Asher,Bronze Medal,1
789,HONG Kexin,Bronze Medal,1
790,HOOGLAND Jeffrey,Gold Medal,1
791,HOOPER Johnny,Bronze Medal,1
792,HORACEK Tamara,Silver Medal,1
793,HORAN Lindsey,Gold Medal,1
794,HORIGOME Yuto,Gold Medal,1
795,HORNKE Tim,Silver Medal,1
796,HOSKIN Alicia,Gold Medal,2
797,HOU Zhihui,Gold Medal,1
798,HOWARD Rhyne,Bronze Medal,1
799,HRNIC Edi,Bronze Medal,1
800,HUANG Ya Qiong,Gold Medal,1
801,HUANG Yuting,Gold Medal,1
802,HUANG Yuting,Silver Medal,1
803,HUANG Zhangjiayang,Gold Medal,1
804,HUBER Norbert,Silver Medal,1
805,HUDSON-SMITH Matthew,Bronze Medal,1
806,HUDSON-SMITH Matthew,Silver Medal,1
807,HUEBERLI Tanja,Bronze Medal,1
808,HUG Angele,Silver Medal,1
809,HUGHES Zharnel,Bronze Medal,1
810,HUH Mimi,Bronze Medal,1
811,HUH Mimi,Silver Medal,1
812,HULL Jessica,Silver Medal,1
813,HUMANA-PAREDES Melissa,Silver Medal,1
814,HUNT Amy,Silver Medal,1
815,HUNTER Keana,Silver Medal,1
816,HUSKE Torri,Gold Medal,3
817,HUSKE Torri,Silver Medal,2
818,HUSTON Nyjah,Bronze Medal,1
819,IBANEZ DIAZ Javier,Bronze Medal,1
820,IIMURA Kazuki,Gold Medal,1
821,IM Aeji,Bronze Medal,1
822,INCERTI Zac,Bronze Medal,1
823,INGEBRIGTSEN Jakob,Gold Medal,1
824,INGHAM Yasmin,Gold Medal,1
825,INGSTAD Vilde,Gold Medal,1
826,IONESCU Sabrina,Gold Medal,1
827,IORIO Elisa,Silver Medal,1
828,IRVING Max,Bronze Medal,1
829,IRWIN Lauren,Bronze Medal,1
830,ITKIN Nick,Bronze Medal,1
831,ITURBE Alejandro,Gold Medal,1
832,IVERSEN Rikke,Bronze Medal,1
833,JACK Shayna,Gold Medal,2
834,JACKOVICH Danijela,Silver Medal,1
835,JACKSON Lauren,Bronze Medal,1
836,JACOBSEN Magnus Landin,Gold Medal,1
837,JACOBSEN Marit,Gold Medal,1
838,JACOBSEN Niklas Landin,Gold Medal,1
839,JAESCHKE Thomas,Bronze Medal,1
840,JAFAROV Hasrat,Bronze Medal,1
841,JAGSCH Pauline,Silver Medal,1
842,JAKOBSEN Emil,Gold Medal,1
843,JAKSIC Nikola,Gold Medal,1
844,JAKSIC Petar,Gold Medal,1
845,JALOLOV Bakhodir,Gold Medal,1
846,JAMALOV Razambek Salambekovitch,Gold Medal,1
847,JAMES LeBron,Gold Medal,1
848,JANKUNAS Julieta,Bronze Medal,1
849,JANSEN Yibbi,Gold Medal,1
850,JANSSEN Ji,Gold Medal,1
851,JANUSZ Marcin,Silver Medal,1
852,JARECKA Aleksandra,Bronze Medal,1
853,JARMAN Jake,Bronze Medal,1
854,JEANJEAN Anthony,Bronze Medal,1
855,JEDRZEJEWSKI Camille,Silver Medal,1
856,JEFFERIES Ben,Bronze Medal,1
857,JEFFERSON Melissa,Bronze Medal,1
858,JEFFERSON Melissa,Gold Medal,1
859,JENDOUBI Mohamed Khalil,Bronze Medal,1
860,JENDRYK II Jeffrey,Bronze Medal,1
861,JEON Eunhye,Silver Medal,1
862,JEON Hayoung,Silver Medal,1
863,JEON Hunyoung,Gold Medal,1
864,JEON Jihee,Bronze Medal,1
865,JEONG Na Eun,Silver Medal,1
866,JHENIFFER,Silver Medal,1
867,JI Bowen,Gold Medal,1
868,JIA Yi Fan,Gold Medal,1
869,JIANG Yiting,Bronze Medal,1
870,JO Jin Mi,Silver Medal,1
871,JOCHEMS Marleen,Gold Medal,1
872,JOERGENSEN Kristina,Bronze Medal,1
873,JOERGENSEN Lukas,Gold Medal,1
874,JOHANNES Marine,Silver Medal,1
875,JOHN Yemi Mary,Bronze Medal,1
876,JOHNSON Moesha,Silver Medal,1
877,JOHNSON-THOMPSON Katarina,Silver Medal,1
878,JOKIC Nikola,Bronze Medal,1
879,JOKOVIC Maro,Silver Medal,1
880,JONES Omari,Bronze Medal,1
881,JORGENSEN Emma Aastrand,Bronze Medal,1
882,JOSAIA Raisuqe,Silver Medal,1
883,JOSEPH Jefferson-Lee,Gold Medal,1
884,JOUFFROY Quentin,Gold Medal,1
885,JOUSTRA Kittylynn,Bronze Medal,1
886,JOVIC Nikola,Bronze Medal,1
887,JUDA Paul,Bronze Medal,1
888,JUNG Michael,Gold Medal,1
889,JUNG Yerin,Bronze Medal,1
890,JUNIANSYAH Rizki,Gold Medal,1
891,JUNK Sophia,Bronze Medal,1
892,JURKA Jakub,Bronze Medal,1
893,KACZMAREK Lukasz,Silver Medal,1
894,KACZMAREK Natalia,Bronze Medal,1
895,KAGAMI Yuka,Gold Medal,1
896,KALEYN Boryana,Silver Medal,1
897,KALIMUENDO Arnaud,Silver Medal,1
898,KALLBERG Anton,Silver Medal,1
899,KALUCKA Aleksandra,Bronze Medal,1
900,KANO Koki,Gold Medal,1
901,KANO Koki,Silver Medal,1
902,KANOR Orlane,Silver Medal,1
903,KANTOR Sharon,Silver Medal,1
904,KARALIS Emmanouil,Bronze Medal,1
905,KAREEM Zaid,Silver Medal,1
906,KARLSSON Kristian,Silver Medal,1
907,KARLSSON Lovisa,Bronze Medal,1
908,KATOUSSI Firas,Gold Medal,1
909,KATZBERG Ethan,Gold Medal,1
910,KAUFHOLD Casey,Bronze Medal,1
911,KAUFMANN Paul-Phili,Silver Medal,1
912,KAYA Kazuma,Gold Medal,1
913,KEARNS Tilly,Silver Medal,1
914,KEBINATSHIPI Busang Collen,Silver Medal,1
915,KECHTA Yassine,Bronze Medal,1
916,KEENEY Maddison,Silver Medal,1
917,KELDIYOROVA Diyora,Gold Medal,1
918,KELLY Hannah,Bronze Medal,2
919,KELTER Alev,Bronze Medal,1
920,KENDRICKS Sam,Silver Medal,1
921,KENNEDY Nina,Gold Medal,1
922,KERLEY Fred,Bronze Medal,1
923,KEROLIN,Silver Medal,1
924,KERR Hamish,Gold Medal,1
925,KERR Josh,Silver Medal,1
926,KEUM Jihyeon,Silver Medal,1
927,KEUNING Maartje,Bronze Medal,1
928,KHALOKOV Abdumalik,Gold Medal,1
929,KHAMBAO Surodchana,Bronze Medal,1
930,KHARKOV Konstantin,Silver Medal,1
931,KHARLAN Olga,Bronze Medal,1
932,KHARLAN Olga,Gold Medal,1
933,KHARUN Ilya,Bronze Medal,2
934,KHELIF Imane,Gold Medal,1
935,KHYAR Walide,Gold Medal,1
936,KHYZHNIAK Oleksandr,Gold Medal,1
937,KIBIWOT Abraham,Bronze Medal,1
938,KIBLER Drew,Silver Medal,1
939,KIEFER Lee,Gold Medal,2
940,KIKUCHI Komaki,Bronze Medal,1
941,KILTY Richard,Bronze Medal,1
942,KIM Hayun,Bronze Medal,2
943,KIM Je Deok,Gold Medal,1
944,KIM Jisu,Bronze Medal,1
945,KIM Kum Yong,Silver Medal,1
946,KIM Mi Rae,Bronze Medal,1
947,KIM Mi Rae,Silver Medal,1
948,KIM Minjong,Bronze Medal,1
949,KIM Minjong,Silver Medal,1
950,KIM Won Ho,Silver Medal,1
951,KIM Won Jin,Bronze Medal,1
952,KIM Woojin,Gold Medal,3
953,KIM Woomin,Bronze Medal,1
954,KIM Yeji,Silver Medal,1
955,KIM Yujin,Gold Medal,1
956,KIMIA Alizadeh,Bronze Medal,1
957,KING Lilly,Gold Medal,1
958,KING Matt,Gold Medal,1
959,KING Olivia,Silver Medal,1
960,KING Tyla,Gold Medal,1
961,KIPRUTO Benson,Bronze Medal,1
962,KIPYEGON Faith,Gold Medal,1
963,KIPYEGON Faith,Silver Medal,1
964,KIRKELOEKKE Niclas,Gold Medal,1
965,KIRPICHNIKOVA Anastasiia,Silver Medal,1
966,KIRSHE Kristi,Bronze Medal,1
967,KIT Kristen,Silver Medal,1
968,KITAGUCHI Haruka,Gold Medal,1
969,KITAJIMA Ryuzo,Bronze Medal,1
970,KIYANICHANDEH Nahid,Silver Medal,1
971,KIYOOKA Kotaro,Gold Medal,1
972,KLASIK Alicja,Bronze Medal,1
973,KLAVER Lieke,Gold Medal,1
974,KLAVER Lieke,Silver Medal,1
975,KLEIN IKKINK Isaya,Gold Medal,1
976,KLEMET Oliver,Silver Medal,1
977,KNAB Ruben,Silver Medal,1
978,KNAPIK-MIAZGA Renata,Bronze Medal,1
979,KNIBB Taylor,Silver Medal,1
980,KNIGHT Josie,Bronze Medal,1
981,KNORR Juri,Silver Medal,1
982,KO Lydia,Gold Medal,1
983,KOANDA Solfrid Eila Amena,Gold Medal,1
984,KOCH Mate Tamas,Gold Medal,1
985,KOCHANOWSKI Jakub,Silver Medal,1
986,KOESTER Julian,Silver Medal,1
987,KOHLBACHER Jannik,Silver Medal,1
988,KOKHAN Mykhaylo,Bronze Medal,1
989,KOLIADENKO Iryna,Silver Medal,1
990,KOMASHCHUK Alina,Gold Medal,1
991,KOMATA Akira,Silver Medal,1
992,KONE Manu,Silver Medal,1
993,KONG Man Wai Vivian,Gold Medal,1
994,KONG Yaqi,Bronze Medal,1
995,KONTIDES Pavlos,Silver Medal,1
996,KONTOU Dimitra,Bronze Medal,1
997,KOOLEN Sanne,Gold Medal,1
998,KOPASZ Balint,Bronze Medal,1
999,KOPECKY Lotte,Bronze Medal,1
1000,KORETZKY Victor,Silver Medal,1
1001,KOS Hubert,Gold Medal,1
1002,KOTSOIEV Zelym,Gold Medal,1
1003,KOVACS Joe,Silver Medal,1
1004,KOVTUN Illia,Silver Medal,1
1005,KRAJICEK Austin,Silver Medal,1
1006,KRASNIQI Distria,Silver Medal,1
1007,KRAUT Laura,Silver Medal,1
1008,KRAVATSKA Olena,Gold Medal,1
1009,KRISTIANSEN Veronica,Gold Medal,1
1010,KROPPEN Michelle,Silver Medal,1
1011,KRUEGER Casey,Gold Medal,1
1012,KUKUK Christian,Gold Medal,1
1013,KULISH Serhiy,Silver Medal,1
1014,KUO Hsing-Chun,Bronze Medal,1
1015,KURBANOV Nariman,Silver Medal,1
1016,KUREK Bartosz,Silver Medal,1
1017,KURUGLIEV Dauren,Bronze Medal,1
1018,KUS AYDIN Nafia,Bronze Medal,1
1019,KUSAKA Nao,Gold Medal,1
1020,KUSALE Swapnil,Bronze Medal,1
1021,KWEMOI Ronald,Silver Medal,1
1022,KWON Audrey,Silver Medal,1
1023,KYRGYZBAYEV Gusman,Bronze Medal,1
1024,KYZAIBAY Nazym,Bronze Medal,1
1025,LACAN Leila,Silver Medal,1
1026,LACAZETTE Alexandre,Silver Medal,1
1027,LAFOND Thea,Gold Medal,1
1028,LAGHOUAG Karim Florent,Silver Medal,1
1029,LALAYAN Varazdat,Silver Medal,1
1030,LAMMERTS Annelous,Bronze Medal,1
1031,LAMON Francesco,Bronze Medal,1
1032,LANDOIS Stephane,Silver Medal,1
1033,LANIR Inbar,Silver Medal,1
1034,LANSIQUOT Imani,Silver Medal,1
1035,LAPORTE Christophe,Bronze Medal,1
1036,LARSEN Niklas,Bronze Medal,1
1037,LARSON Jordan,Silver Medal,1
1038,LASSOURCE Coralie,Silver Medal,1
1039,LAUDRUP-DUFOUR Cathrine,Silver Medal,1
1040,LAUGE Rasmus,Gold Medal,1
1041,LAUGHER Jack,Bronze Medal,1
1042,LAUREN,Silver Medal,1
1043,LAURIN Althea,Gold Medal,1
1044,LAVELLE Rose,Gold Medal,1
1045,LAVREYSEN Harrie,Gold Medal,3
1046,LE Alexandra,Bronze Medal,1
1047,LEAHY Conor,Gold Medal,1
1048,LEAL Rayssa,Bronze Medal,1
1049,LEBRUN Alexis,Bronze Medal,1
1050,LEBRUN Felix,Bronze Medal,2
1051,LEDECKY Katie,Bronze Medal,1
1052,LEDECKY Katie,Gold Medal,2
1053,LEDECKY Katie,Silver Medal,1
1054,LEE Dabin,Bronze Medal,1
1055,LEE Eunhye,Bronze Medal,1
1056,LEE Hyekyeong,Bronze Medal,1
1057,LEE Joonhwan,Bronze Medal,2
1058,LEE Meng Yuan,Bronze Medal,1
1059,LEE Spencer Richard,Silver Medal,1
1060,LEE Sunisa,Bronze Medal,2
1061,LEE Sunisa,Gold Medal,1
1062,LEE Wooseok,Bronze Medal,1
1063,LEE Wooseok,Gold Medal,1
1064,LEE Yang,Gold Medal,1
1065,LEE Zii Jia,Bronze Medal,1
1066,LEFORT Enzo,Bronze Medal,1
1067,LEHACI Maria,Gold Medal,1
1068,LEIBFARTH Evy,Bronze Medal,1
1069,LEITAO Iuri,Gold Medal,1
1070,LEITAO Iuri,Silver Medal,1
1071,LEITON ARRONES Paula,Gold Medal,1
1072,LEMES SANTOS Tainara,Bronze Medal,1
1073,LEMKE Max,Gold Medal,2
1074,LEON VENERO Wilfredo,Silver Medal,1
1075,LEONARDO Veddriq,Gold Medal,1
1076,LEONE Chiara,Gold Medal,1
1077,LEPENANT Johann,Silver Medal,1
1078,LESKI Andreja,Gold Medal,1
1079,LESSORT Mathias,Silver Medal,1
1080,LEVY Sarah,Bronze Medal,1
1081,LEYDS Tristan,Bronze Medal,1
1082,LI Bingjie,Bronze Medal,1
1083,LI Fabin,Gold Medal,1
1084,LI Hong,Silver Medal,1
1085,LI Jiaman,Silver Medal,1
1086,LI Qian,Gold Medal,1
1087,LI Wenwen,Gold Medal,1
1088,LI Yuehong,Gold Medal,1
1089,LIAN Junjie,Gold Medal,1
1090,LIANG Wei Keng,Silver Medal,1
1091,LIANG Yushuai,Bronze Medal,1
1092,LIEBSCHER-LUCZ Tom,Gold Medal,1
1093,LIENDO Josh,Silver Medal,1
1094,LILIK Elena,Silver Medal,1
1095,LIM Jonghoon,Bronze Medal,1
1096,LIM Sihyeon,Gold Medal,3
1097,LIMA Willian,Bronze Medal,1
1098,LIMA Willian,Silver Medal,1
1099,LIN Xiyu Janet,Bronze Medal,1
1100,LIN Yu Ting,Gold Medal,1
1101,LINDBERG Hans,Gold Medal,1
1102,LINDEMANN Laura,Gold Medal,1
1103,LINDER Sarai,Bronze Medal,1
1104,LINDGREN Victor,Silver Medal,1
1105,LINDSEY Courtney,Gold Medal,1
1106,LITTLE Shamier,Gold Medal,1
1107,LITTLE Shamier,Silver Medal,1
1108,LITVINOVICH Ivan,Gold Medal,1
1109,LIU Calista,Silver Medal,1
1110,LIU Hao,Gold Medal,1
1111,LIU Huanhua,Gold Medal,1
1112,LIU Sheng Shu,Silver Medal,1
1113,LIU Yang,Gold Medal,1
1114,LIU Yang,Silver Medal,1
1115,LIU Yaxin,Bronze Medal,1
1116,LIU Yukun,Gold Medal,1
1117,LLUIS VALETTE Lilou,Bronze Medal,1
1118,LOCKO Bradley,Silver Medal,1
1119,LOGAN Piper,Silver Medal,1
1120,LOGANIMASI Ponipate,Silver Medal,1
1121,LOHMANN Sydney,Bronze Medal,1
1122,LOMACZ Grzegorz,Silver Medal,1
1123,LONCAR Luka,Silver Medal,1
1124,LONG Daoyi,Gold Medal,1
1125,LONG Heidi,Bronze Medal,1
1126,LONGMAN Genevieve,Silver Medal,1
1127,LOPEZ CARDONA Arlen,Bronze Medal,1
1128,LOPEZ Diego,Gold Medal,1
1129,LOPEZ Fermin,Gold Medal,1
1130,LOPEZ NUNEZ Mijain,Gold Medal,1
1131,LOPEZ Yeison,Silver Medal,1
1132,LORENA,Silver Medal,1
1133,LOUATI Yacine,Gold Medal,1
1134,LOUIS-MARIE Alexandra,Silver Medal,1
1135,LOWE Ed,Silver Medal,1
1136,LOYD Jewell,Gold Medal,1
1137,LUBIAN Marina,Gold Medal,1
1138,LUCIANA,Silver Medal,1
1139,LUDMILA,Silver Medal,1
1140,LUDWIG Moritz,Silver Medal,1
1141,LUECKENKEMPER Gina,Bronze Medal,1
1142,LUEHRS Lasse,Gold Medal,1
1143,LUKEBA Castello,Silver Medal,1
1144,LUNDE Katrine,Gold Medal,1
1145,LUO Shifang,Gold Medal,1
1146,LUU Jacklyn,Silver Medal,1
1147,LUZAN Liudmyla,Silver Medal,1
1148,LYLES Noah,Bronze Medal,1
1149,LYLES Noah,Gold Medal,1
1150,LYNCH Daire,Bronze Medal,1
1151,LYU Jianlin,Bronze Medal,1
1152,MA Long,Gold Medal,1
1153,MA Ning,Silver Medal,1
1154,MA Zhenzhao,Bronze Medal,1
1155,MA'A Micah,Bronze Medal,1
1156,MACCHI Filippo,Silver Medal,2
1157,MACDONALD Matt,Silver Medal,1
1158,MACEDO Rafael,Bronze Medal,1
1159,MACHAC Tomas,Gold Medal,1
1160,MACKENZIE Sloan,Bronze Medal,1
1161,MACLEAN Ollie,Silver Medal,1
1162,MADDALENA Sagen,Silver Medal,1
1163,MADDEN Paige,Bronze Medal,1
1164,MADDEN Paige,Silver Medal,1
1165,MADGEN Tess,Bronze Medal,1
1166,MADOUAS Valentin,Silver Medal,1
1167,MAEDER Maximilian,Bronze Medal,1
1168,MAEHR Lukas,Gold Medal,1
1169,MAERTENS Lukas,Gold Medal,1
1170,MAGASSA Soungoutou,Silver Medal,1
1171,MAGBEGOR Ezi,Bronze Medal,1
1172,MAGGETTI Marta,Gold Medal,1
1173,MAGOMEDOV Gashim,Silver Medal,1
1174,MAGOMEDOV Magomedkhan,Bronze Medal,1
1175,MAHER Ben,Gold Medal,1
1176,MAHER Ilona,Bronze Medal,1
1177,MAHIEU Romain,Bronze Medal,1
1178,MAHUCHIKH Yaroslava,Gold Medal,1
1179,MAJDALANI Mateo,Silver Medal,1
1180,MAJOR Veronika,Bronze Medal,1
1181,MAKHMADBEKOV Somon,Bronze Medal,1
1182,MAKHMUDOV Akzhol,Bronze Medal,1
1183,MAKKER Mick,Silver Medal,1
1184,MALAN Giorgio,Bronze Medal,1
1185,MALDINI Federico Nilo,Silver Medal,1
1186,MALLO-BRETON Auriane,Silver Medal,2
1187,MALONE Brody,Bronze Medal,1
1188,MALONGA Dominique,Silver Medal,1
1189,MALONGA Madeleine,Gold Medal,1
1190,MANAOUT Haytam,Bronze Medal,1
1191,MANAUDOU Florent,Bronze Medal,2
1192,MANDIC Dusan,Gold Medal,1
1193,MANUEL Simone,Silver Medal,2
1194,MAOUHOUB Mehdi,Bronze Medal,1
1195,MAQUEDA Jorge,Bronze Medal,1
1196,MARCHAND Leon,Bronze Medal,1
1197,MARCHAND Leon,Gold Medal,4
1198,MARCHANT Katy,Gold Medal,1
1199,MARICIC Miran,Bronze Medal,1
1200,MARIN POTRILLE Milaimy de la Carid,Bronze Medal,1
1201,MARINI Tommaso,Silver Medal,1
1202,MARINIC KRAGIC Jerko,Silver Medal,1
1203,MARINKOVIC Vanja,Bronze Medal,1
1204,MARKS Caroline,Gold Medal,1
1205,MAROULIS Helen Louise,Bronze Medal,1
1206,MARTA,Silver Medal,1
1207,MARTIN Alvaro,Bronze Medal,1
1208,MARTIN Alvaro,Gold Medal,1
1209,MARTINENGHI Nicolo,Gold Medal,1
1210,MARTON Viviana,Gold Medal,1
1211,MAS PUJADAS Meritxell,Bronze Medal,1
1212,MASSE Kylie,Bronze Medal,1
1213,MASWANGANYI Shaun,Silver Medal,1
1214,MATANA Jeremaia,Silver Medal,1
1215,MATCHARASHVILI Givi,Silver Medal,1
1216,MATETA Jean-Philippe,Silver Medal,1
1217,MATIC Barbara,Gold Medal,1
1218,MATLA Frederique,Gold Medal,1
1219,MATSIMA Chrislain,Silver Medal,1
1220,MATSUSHITA Tomoyuki,Silver Medal,1
1221,MATSUYAMA Hideki,Bronze Medal,1
1222,MATSUYAMA Kyosuke,Gold Medal,1
1223,MATSUYAMA Nami,Bronze Medal,1
1224,MATULIS Gintautas,Bronze Medal,1
1225,MAURELLI Alessia,Bronze Medal,1
1226,MAYER Lisa,Bronze Medal,1
1227,MEAD Nick,Gold Medal,1
1228,MEDINA Gabriel,Bronze Medal,1
1229,MEESTER Veronique,Gold Medal,1
1230,MELBOURNE Jade,Bronze Medal,1
1231,MENEZES OLIVEIRA de SOUZA Ana Cris,Bronze Medal,1
1232,MENG Lingzhe,Bronze Medal,1
1233,MENZEL Leonie,Bronze Medal,1
1234,MERTENS Lukas,Silver Medal,1
1235,MERTINE Julien,Bronze Medal,1
1236,MESCHKULEIT Maya,Silver Medal,1
1237,MESHVILDISHVILI Giorgi,Bronze Medal,1
1238,METHOT Sophiane,Bronze Medal,1
1239,METSEMAKERS Koen,Gold Medal,1
1240,MEVIUS Elisa,Gold Medal,1
1241,MEW JENSEN Scarlett,Bronze Medal,1
1242,MICHEL BOURY Sarah,Silver Medal,1
1243,MICIC Vasilije,Bronze Medal,1
1244,MIDDENDORP Floris,Gold Medal,1
1245,MIHAMBO Malaika,Silver Medal,1
1246,MIKEC Damir,Gold Medal,1
1247,MILAK Kristof,Gold Medal,1
1248,MILAK Kristof,Silver Medal,1
1249,MILAN Jonathan,Bronze Medal,1
1250,MILLER Jorja,Gold Medal,1
1251,MILLOT Enzo,Silver Medal,1
1252,MILNE Rielly,Bronze Medal,1
1253,MILTKAU Marco,Silver Medal,1
1254,MILUTINOV Nikola,Bronze Medal,1
1255,MINASYAN Gor,Bronze Medal,1
1256,MINGE Janina,Bronze Medal,1
1257,MINOBE Kazuyasu,Silver Medal,1
1258,MIRANDA Juan,Gold Medal,1
1259,MIRESSI Alessandro,Bronze Medal,1
1260,MIROSLAW Aleksandra,Gold Medal,1
1261,MIRZAZADEH Amin,Bronze Medal,1
1262,MISOVIC Vladimir,Gold Medal,1
1263,MITCHELL-BLAKE Nethaneel,Bronze Medal,1
1264,MITYUKOV Roman,Bronze Medal,1
1265,MIYAWAKI Karin,Bronze Medal,1
1266,MKHEIDZE Luka,Gold Medal,1
1267,MKHEIDZE Luka,Silver Medal,1
1268,MOCENACAGI Sevuloni,Silver Medal,1
1269,MOELLER Michala,Bronze Medal,1
1270,MOELLGAARD Henrik,Gold Medal,1
1271,MOERK Nora,Gold Medal,1
1272,MOERKOEV Michael,Bronze Medal,1
1273,MOES Freeke,Gold Medal,1
1274,MOGUREAN Daniela,Bronze Medal,1
1275,MOHMADIPIANI Alireza,Silver Medal,1
1276,MOL Anders Berntsen,Bronze Medal,1
1277,MOLENAAR Olav,Silver Medal,1
1278,MONNA Paolo,Bronze Medal,1
1279,MONTAG Jemima,Bronze Medal,2
1280,MONTIBELLER Rosamaria,Bronze Medal,1
1281,MOODY Becky,Bronze Medal,1
1282,MOOLHUIJZEN Lola,Bronze Medal,1
1283,MOON Katie,Silver Medal,1
1284,MOORE Jasmine,Bronze Medal,2
1285,MORAA Mary,Bronze Medal,1
1286,MOREGARD Truls,Silver Medal,2
1287,MOREJON Glenda,Silver Medal,1
1288,MORENO Joan Antoni,Bronze Medal,1
1289,MORIARTY James,Gold Medal,1
1290,MORO Manlio,Bronze Medal,1
1291,MORRIS Anna,Bronze Medal,1
1292,MORRIS Grae,Silver Medal,1
1293,MORRIS Hampton,Bronze Medal,1
1294,MORRISON Jess,Bronze Medal,1
1295,MOSQUERA Cristhian,Gold Medal,1
1296,MOTOKI Sakura,Gold Medal,1
1297,MUAGUTUTIA Garrett,Bronze Medal,1
1298,MUELLER Hannes,Silver Medal,1
1299,MUELLER Mathias,Silver Medal,1
1300,MUHARI Eszter,Bronze Medal,1
1301,MULLOJONOV Lazizbek,Gold Medal,1
1302,MURAO Sanshiro,Silver Medal,2
1303,MURPHY Casey,Gold Medal,1
1304,MURPHY Ryan,Bronze Medal,1
1305,MURPHY Ryan,Gold Medal,1
1306,MURPHY Ryan,Silver Medal,1
1307,MURRAY Tom,Silver Medal,1
1308,MUSETTI Lorenzo,Bronze Medal,1
1309,MUYDINKHUJAEV Asadkhuja,Gold Medal,1
1310,Mc CARTHY Fintan,Gold Medal,1
1311,Mc CLENAGHAN Rhys,Gold Medal,1
1312,Mc SHARRY Mona,Bronze Medal,1
1313,McEVOY Cameron,Gold Medal,1
1314,McEWEN Shelby,Silver Medal,1
1315,McEWEN Tom,Gold Medal,1
1316,McHARDIE Isaac,Silver Medal,1
1317,McINTOSH Summer,Gold Medal,3
1318,McINTOSH Summer,Silver Medal,1
1319,McINTYRE Annabelle,Bronze Medal,1
1320,McKELLAR Rowan,Bronze Medal,1
1321,McKENZIE William,Silver Medal,1
1322,McKEON Emma,Bronze Medal,1
1323,McKEON Emma,Gold Medal,1
1324,McKEON Emma,Silver Medal,1
1325,McKEOWN Kaylee,Bronze Medal,2
1326,McKEOWN Kaylee,Gold Medal,2
1327,McKEOWN Kaylee,Silver Medal,1
1328,McLAUGHLIN-LEVRONE Sydney,Gold Medal,2
1329,McMILLAN Jack,Gold Medal,1
1330,NACUQU Waisea,Silver Medal,1
1331,NADAS Bence,Silver Medal,1
1332,NADEEM Arshad,Gold Medal,1
1333,NAEHER Alyssa,Gold Medal,1
1334,NAGANO Yudai,Gold Medal,1
1335,NAGASE Takanori,Gold Medal,1
1336,NAGASE Takanori,Silver Medal,1
1337,NAGAYAMA Ryuju,Bronze Medal,1
1338,NAGAYAMA Ryuju,Silver Medal,1
1339,NAGY David,Gold Medal,1
1340,NAKACH Akram,Bronze Medal,1
1341,NAM Suhyeon,Gold Medal,1
1342,NAM Suhyeon,Silver Medal,1
1343,NASAR Karlos May,Gold Medal,1
1344,NASER Salwa Eid,Silver Medal,1
1345,NASIBOV Parviz,Silver Medal,1
1346,NASOVA Joji,Silver Medal,1
1347,NAVARRIA Mara,Gold Medal,1
1348,NDORI Bayapo,Silver Medal,1
1349,NDOYE-BROUARD Yohann,Bronze Medal,1
1350,NEDOROSCIK Stephen,Bronze Medal,2
1351,NEILL Thomas,Bronze Medal,1
1352,NEITA Daryll,Silver Medal,1
1353,NEMATZADEH Mobina,Bronze Medal,1
1354,NEMOUR Kaylia,Gold Medal,1
1355,NETZLER Rebecca,Silver Medal,1
1356,NEUGEBAUER Leo,Silver Medal,1
1357,NEWMAN Alysha,Bronze Medal,1
1358,NGAPETH Earvin,Gold Medal,1
1359,NGAYAP HAMBOU Maxime-Gael,Bronze Medal,1
1360,NGAYAP HAMBOU Maxime-Gael,Gold Medal,1
1361,NICHITA Anastasia,Silver Medal,1
1362,NICKA,Silver Medal,1
1363,NIELSEN Emil,Gold Medal,1
1364,NIELSEN Laviai,Bronze Medal,2
1365,NIELSEN Lina,Bronze Medal,1
1366,NIGHSWONGER Jenna,Gold Medal,1
1367,NIIZOE Saki,Silver Medal,1
1368,NKAMBADIO Obed,Silver Medal,1
1369,NKOANA Bradley,Silver Medal,1
1370,NOCANDY Meline,Silver Medal,1
1371,NOLOT Lauriane,Silver Medal,1
1372,NORMAN Michael,Gold Medal,1
1373,NORSTEN Carissa,Silver Medal,1
1374,NORTJE Quewin,Bronze Medal,1
1375,NORWOOD Vernon,Gold Medal,1
1376,NORWOOD Vernon,Silver Medal,1
1377,NOVIKOV Semen Sergeevich,Gold Medal,1
1378,NTILIKINA Frank,Silver Medal,1
1379,NUESKEN Sjoeke,Bronze Medal,1
1380,NUGUSE Yared,Bronze Medal,1
1381,NUKU Manaia,Gold Medal,1
1382,NUNNINK Laura,Gold Medal,1
1383,NZE MINKO Estelle,Silver Medal,1
1384,O DONOVAN Paul,Gold Medal,1
1385,O'BRIEN Kelland,Gold Medal,1
1386,O'CALLAGHAN Mollie,Bronze Medal,1
1387,O'CALLAGHAN Mollie,Gold Medal,3
1388,O'CALLAGHAN Mollie,Silver Medal,1
1389,OBERT Alex,Bronze Medal,1
1390,OBIRI Hellen,Bronze Medal,1
1391,ODRIOZOLA Kauldi,Bronze Medal,1
1392,OESTERGAARD Trine,Bronze Medal,1
1393,OFFEREINS Tinka,Gold Medal,1
1394,OFTEDAL Stine Bredal,Gold Medal,1
1395,OGBOGU Chiaka,Silver Medal,1
1396,OGRODNIKOVA Nikola,Bronze Medal,1
1397,OGUNLEYE Yemisi,Gold Medal,1
1398,OH Sanguk,Gold Medal,2
1399,OH Ye Jin,Gold Medal,1
1400,OHURUOGU Victoria,Bronze Medal,1
1401,OIWA Yoshiaki,Bronze Medal,1
1402,OKA Shinnosuke,Bronze Medal,1
1403,OKA Shinnosuke,Gold Medal,3
1404,OKADA Keiju,Silver Medal,1
1405,OLDENBURG Marloes,Gold Medal,1
1406,OLISE Michael,Silver Medal,1
1407,OLIVEIRA Lorrane,Bronze Medal,1
1408,OLIVEIRA Rui,Gold Medal,1
1409,OLSEN Alena,Bronze Medal,1
1410,OLSON Evan,Bronze Medal,1
1411,OLVERA IBARRA Osmar,Bronze Medal,1
1412,OLVERA IBARRA Osmar,Silver Medal,1
1413,OLYSLAGERS Nicola,Silver Medal,1
1414,OMALLA Eugene,Gold Medal,1
1415,OMORODION Samu,Gold Medal,1
1416,OMORUYI Oghosasere Loveth,Gold Medal,1
1417,ONDONO Onacia,Silver Medal,1
1418,OOSTHUIZEN Ryan,Bronze Medal,1
1419,OPPO Stefano,Silver Medal,1
1420,ORALBAY Nurbek,Silver Medal,1
1421,OROZ Aimar,Gold Medal,1
1422,ORRO Alessia,Gold Medal,1
1423,ORTA SANCHEZ Luis Alberto,Bronze Medal,1
1424,ORTIZ Bea,Gold Medal,1
1425,OSIPOVA Svetlana,Silver Medal,1
1426,OSMANOV Adil,Bronze Medal,1
1427,OU Zixia,Silver Medal,1
1428,OUMIHA Sofiane,Silver Medal,1
1429,OZAKI Nonoka,Bronze Medal,1
1430,OZAKI Seri,Bronze Medal,1
1431,OZHOGINA OZHOGIN Alisa,Bronze Medal,1
1432,PACHECO Jon,Gold Medal,1
1433,PAGE Bryony,Gold Medal,1
1434,PAL Raj Kumar,Bronze Medal,1
1435,PALACIOS DAJOMES Angie Paola,Bronze Medal,1
1436,PALLISTER Lani,Gold Medal,1
1437,PALM Gabriella,Silver Medal,1
1438,PALMER Keegan,Gold Medal,1
1439,PALTCHIK Peter,Bronze Medal,1
1440,PALTRINIERI Gregorio,Bronze Medal,1
1441,PALTRINIERI Gregorio,Silver Medal,1
1442,PALUMBO Francesca,Silver Medal,1
1443,PAN Zhanle,Gold Medal,2
1444,PAN Zhanle,Silver Medal,1
1445,PANG Cholmi,Bronze Medal,1
1446,PANG Qianyu,Bronze Medal,1
1447,PANIZZA Andrea,Silver Medal,1
1448,PAOLINI Jasmine,Gold Medal,1
1449,PAPAKONSTANTINOU Antonios,Bronze Medal,1
1450,PARATTU RAVEENDRAN Sreejesh,Bronze Medal,1
1451,PAREZ EDO MARTIN Stephen,Gold Medal,1
1452,PARIS Laura,Bronze Medal,1
1453,PARITZKI Romi,Silver Medal,1
1454,PARK Hajun,Silver Medal,1
1455,PARK Hyejeong,Silver Medal,1
1456,PARK Sangwon,Gold Medal,1
1457,PARK Skylar,Bronze Medal,1
1458,PARK Taejoon,Gold Medal,1
1459,PARKER Caitlin,Bronze Medal,1
1460,PASQUET Varian,Gold Medal,1
1461,PASZEK Paulina,Bronze Medal,1
1462,PASZEK Paulina,Silver Medal,1
1463,PATRICE Jean-Philippe,Bronze Medal,1
1464,PATRICE Sebastien,Bronze Medal,1
1465,PATRY Jean,Gold Medal,1
1466,PATTERSON Eleanor,Bronze Medal,1
1467,PAUL Mahina,Gold Medal,1
1468,PAUL Tommy,Bronze Medal,1
1469,PAULINO Marileidy,Gold Medal,1
1470,PAULIS Bente,Silver Medal,1
1471,PAUTY Maxime,Bronze Medal,1
1472,PAYNE Sydney,Silver Medal,1
1473,PEARSON Morgan,Silver Medal,1
1474,PEATY Adam,Silver Medal,1
1475,PEERS John,Gold Medal,1
1476,PEETERS Cathelijn,Gold Medal,1
1477,PEETERS Cathelijn,Silver Medal,1
1478,PEILLAT Gonzalo,Silver Medal,1
1479,PENA Pili,Gold Medal,1
1480,PEPLOWSKI Anna,Silver Medal,1
1481,PEREZ Maria,Gold Medal,1
1482,PEREZ Maria,Silver Medal,1
1483,PEREZ VIVAS Nona,Gold Medal,1
1484,PEREZ de VARGAS Gonzalo,Bronze Medal,1
1485,PERISIC Aleksandra,Silver Medal,1
1486,PERKINS Alexandria,Silver Medal,1
1487,PERKINS Jamie,Gold Medal,1
1488,PERREAU Olivier,Bronze Medal,1
1489,PERRY Taylor,Silver Medal,1
1490,PESCHIERA Stefano,Bronze Medal,1
1491,PESELA Anthony,Silver Medal,1
1492,PETCH Rebecca,Silver Medal,1
1493,PETECIO Nesthy,Bronze Medal,1
1494,PETERS Anderson,Bronze Medal,1
1495,PETREANU Victoria Stefania,Gold Medal,1
1496,PETRIASHVILI Geno,Gold Medal,1
1497,PETROUNIAS Eleftherios,Bronze Medal,1
1498,PETRUSEV Fili,Bronze Medal,1
1499,PHIL WIZARD,Gold Medal,1
1500,PIANFETTI Maxime,Bronze Medal,1
1501,PICHARDO Pedro,Silver Medal,1
1502,PICON Charline,Bronze Medal,1
1503,PIDCOCK Thomas,Gold Medal,1
1504,PIERONI Blake,Silver Medal,1
1505,PIKULIK Daria,Silver Medal,1
1506,PILZ Jessica,Bronze Medal,1
1507,PIMENTA Larissa,Bronze Medal,2
1508,PINALES Cristian Javier,Bronze Medal,1
1509,PINNOCK Wayne,Silver Medal,1
1510,PINTADO Brian Daniel,Gold Medal,1
1511,PINTADO Brian Daniel,Silver Medal,1
1512,PIRALKOVA COELLO Isabel,Gold Medal,1
1513,PIZZOLATO Antonino,Bronze Medal,1
1514,PLAVSIC Uros,Bronze Medal,1
1515,PLUM Kelsey,Gold Medal,1
1516,PLUMMER Kathryn,Silver Medal,1
1517,POLLERES Michaela,Bronze Medal,1
1518,PONTES Edival,Bronze Medal,1
1519,POPADIC Toni,Silver Medal,1
1520,POPOVICI David,Bronze Medal,1
1521,POPOVICI David,Gold Medal,1
1522,POPP Alexandra,Bronze Medal,1
1523,POST Lisa,Gold Medal,1
1524,POTTER Beth,Bronze Medal,2
1525,POULTER Jordyn,Silver Medal,1
1526,POURI-LANE Risi,Gold Medal,1
1527,PRASAD Vivek Sagar,Bronze Medal,1
1528,PRETORIUS Tiaan,Bronze Medal,1
1529,PRINCE Conner Lynn,Silver Medal,1
1530,PRINZ Thies,Silver Medal,1
1531,PRISCILA,Silver Medal,1
1532,PROEPSTER Alessa,Bronze Medal,1
1533,PROUD Benjamin,Silver Medal,1
1534,PUBILL Marc,Gold Medal,1
1535,PUKELIS Aurelijus,Bronze Medal,1
1536,PUPP Noemi,Bronze Medal,2
1537,PYTLICK Simon,Gold Medal,1
1538,QI Ying,Silver Medal,1
1539,QIN Haiyang,Gold Medal,1
1540,QIN Haiyang,Silver Medal,1
1541,QIU Qiyuan,Silver Medal,1
1542,QUADROS Ketleyn,Bronze Medal,1
1543,QUAN Hongchan,Gold Medal,2
1544,QUEIROZ Isaquias,Silver Medal,1
1545,QUINTON Pieter,Bronze Medal,1
1546,RABB Krisztian,Silver Medal,1
1547,RABOUTOU Brooke,Silver Medal,1
1548,RADIS Simona,Gold Medal,1
1549,RADIS Simona,Silver Medal,1
1550,RAFAELLE,Silver Medal,1
1551,RAFFAELI Sofia,Bronze Medal,1
1552,RAHIMI Soufiane,Bronze Medal,1
1553,RAKHIMOV Temur,Bronze Medal,1
1554,RAM Rajeev,Silver Medal,1
1555,RAMAZANOV Magomed Eldarovitch,Gold Medal,1
1556,RAMBALDI Luca,Silver Medal,1
1557,RAMBAUT Jules,Silver Medal,1
1558,RAMIREZ Daniella,Silver Medal,1
1559,RAMIREZ IBANEZ Paula,Bronze Medal,1
1560,RAMSAY Ella,Silver Medal,1
1561,RAMSEY Ariana,Bronze Medal,1
1562,RANDELOVIC Sava,Gold Medal,1
1563,RAPOSO RUIZ de los LLANOS Valentina,Bronze Medal,1
1564,RASAKU Kaminieli,Silver Medal,1
1565,RASHITOV Ulugbek,Gold Medal,1
1566,RASOVIC Strahinja,Gold Medal,1
1567,RASOVIC Viktor,Gold Medal,1
1568,RASOVSZKY Kristof,Gold Medal,1
1569,RATZKE Roberta Silva,Bronze Medal,1
1570,RAUCH Felicitas,Bronze Medal,1
1571,RAVET Cyrian,Bronze Medal,1
1572,RAVUTAUMADA Selesitino,Silver Medal,1
1573,REARDON Samuel,Bronze Medal,2
1574,REBBADJ Rayan,Gold Medal,1
1575,REDGRAVE Sam,Silver Medal,1
1576,REEVES Olivia,Gold Medal,1
1577,REICHERT Marie,Gold Medal,1
1578,REILLY Kieran Darren David,Silver Medal,1
1579,REINHARDT Althea,Bronze Medal,1
1580,REISTAD Henny,Gold Medal,1
1581,REMATI Ruby,Silver Medal,1
1582,RENDSCHMIDT Max,Gold Medal,1
1583,RENTERIA RENTERIA Tatiana,Bronze Medal,1
1584,RESTES Guillaume,Silver Medal,1
1585,RETTKE Dana,Silver Medal,1
1586,REUVENY Tom,Gold Medal,1
1587,REYENGA Tijmen,Gold Medal,1
1588,REYES PLA Enmanuel,Bronze Medal,1
1589,RI Jong Sik,Silver Medal,1
1590,RI Se Ung,Bronze Medal,1
1591,RICHARD Frederick,Bronze Medal,1
1592,RICHARDS Matthew,Gold Medal,1
1593,RICHARDS Matthew,Silver Medal,1
1594,RICHARDSON Amir,Bronze Medal,1
1595,RICHARDSON Benjamin,Silver Medal,1
1596,RICHARDSON Lewis,Bronze Medal,1
1597,RICHARDSON Matthew,Bronze Medal,1
1598,RICHARDSON Matthew,Silver Medal,2
1599,RICHARDSON Sha'carri,Gold Medal,1
1600,RICHARDSON Sha'carri,Silver Medal,1
1601,RICKETTS Shanieka,Silver Medal,1
1602,RIDER Seth,Silver Medal,1
1603,RIENKS Ralf,Silver Medal,1
1604,RINDOM Anne-Marie,Silver Medal,1
1605,RINER Teddy,Gold Medal,2
1606,RISSVEDS Jenny,Bronze Medal,1
1607,RIVA Paulin,Gold Medal,1
1608,RIVERA Hezly,Gold Medal,1
1609,RIVERA Sebastian C,Bronze Medal,1
1610,RIZZI Giulia,Gold Medal,1
1611,ROBERTS Daniel,Silver Medal,1
1612,ROBERTS Jessica,Bronze Medal,1
1613,ROBERTS Toby,Gold Medal,1
1614,ROBINSON Jack,Silver Medal,1
1615,ROBINSON Kelsey,Silver Medal,1
1616,RODMAN Trinity,Gold Medal,1
1617,RODNEY Brendon,Gold Medal,1
1618,RODRIGUEZ Javier,Bronze Medal,1
1619,ROEOESLI Roman,Bronze Medal,1
1620,ROGERS Camryn,Gold Medal,1
1621,ROGGE Bente,Bronze Medal,1
1622,ROGGE Lieke,Bronze Medal,1
1623,ROHIDAS Amit,Bronze Medal,1
1624,ROOKS Kenneth,Silver Medal,1
1625,ROOTH Markus,Gold Medal,1
1626,ROSILLO KINDELAN Gabriel Alejandro,Bronze Medal,1
1627,ROSSETTI Gabriele,Gold Medal,1
1628,ROTHENBERGER Soenke,Gold Medal,1
1629,ROVETTI Steph,Bronze Medal,1
1630,RUANO OLIVA Adriana,Gold Medal,1
1631,RUBES Martin,Bronze Medal,1
1632,RUDKIN James,Gold Medal,1
1633,RUEHR Christopher,Silver Medal,1
1634,RUIZ Abel,Gold Medal,1
1635,RUIZ Angela,Bronze Medal,1
1636,RUIZ BARRIL Elena,Gold Medal,1
1637,RUPERT Iliana,Silver Medal,1
1638,RUSHER Nick,Bronze Medal,1
1639,RUSHFELDT DEILA Thale,Gold Medal,1
1640,RUSSELL Aaron,Bronze Medal,1
1641,RUSSELL Masai,Gold Medal,1
1642,RUSU Maria Magdalena,Gold Medal,1
1643,RUTTER Amber Jo,Silver Medal,1
1644,RYBACHOK Anastasiia,Silver Medal,1
1645,SAALBERG Eveline,Silver Medal,1
1646,SAILI Alena,Gold Medal,1
1647,SAITO Tatsuru,Silver Medal,1
1648,SAKAKIBARA Saya,Gold Medal,1
1649,SAKO Hatadou,Silver Medal,1
1650,SAKURAI Tsugumi,Gold Medal,1
1651,SALAUN Janelle,Silver Medal,1
1652,SALDANA LOPEZ Sara,Bronze Medal,1
1653,SALIMI Arian,Gold Medal,1
1654,SAMBA-MAYELA Cyrena,Silver Medal,1
1655,SAMELE Luigi,Bronze Medal,1
1656,SAMPAIO Patricia,Bronze Medal,1
1657,SAMS Emily,Gold Medal,1
1658,SAMUKONGA Muzala,Bronze Medal,1
1659,SANCHEZ Juanlu,Gold Medal,1
1660,SANCHEZ MOCCIA Rocio,Bronze Medal,1
1661,SANCHEZ Mari Leivis,Silver Medal,1
1662,SANCHEZ-MIGALLON Miguel,Bronze Medal,1
1663,SANDERS Pien,Gold Medal,1
1664,SANFORD Wyatt,Bronze Medal,1
1665,SANJAY Sanjay,Bronze Medal,1
1666,SANTOS LISBOA Eduarda,Gold Medal,1
1667,SANTUCCIO Alberta,Gold Medal,1
1668,SARAIVA Flavia,Bronze Medal,1
1669,SARAVI Mohammadhadi,Gold Medal,1
1670,SATO Taishu,Silver Medal,1
1671,SATPAYEV Islam,Bronze Medal,1
1672,SAUGSTRUP Magnus,Gold Medal,1
1673,SAUTURAGA Filipe,Silver Medal,1
1674,SAUZE VALDEZ Victoria,Bronze Medal,1
1675,SCHAAR Tom,Silver Medal,1
1676,SCHEFFLER Scottie,Gold Medal,1
1677,SCHENDEKEHL Tabea,Bronze Medal,1
1678,SCHIMIDT Guilherme,Bronze Medal,1
1679,SCHOPF Jacob,Gold Medal,2
1680,SCHOUTEN Tes,Bronze Medal,1
1681,SCHUBERT Jakob,Bronze Medal,1
1682,SCHUELLER Lea,Bronze Medal,1
1683,SCHULZE SOLANO Bibiane,Bronze Medal,1
1684,SCOTCH Leungo,Silver Medal,1
1685,SCOTT Duncan,Gold Medal,1
1686,SCOTT Duncan,Silver Medal,1
1687,SCOTT Hannah,Gold Medal,1
1688,SCRUGGS Lauren,Gold Medal,1
1689,SCRUGGS Lauren,Silver Medal,1
1690,SCURFIELD Krissy,Silver Medal,1
1691,SECCHI Clement,Bronze Medal,1
1692,SEDJATI Djamel,Bronze Medal,1
1693,SEDRICK Alex,Bronze Medal,1
1694,SEGUELA Franck,Silver Medal,1
1695,SEIITBEK UULU Munarbek,Silver Medal,1
1696,SEMENIUK Kamil,Silver Medal,1
1697,SENIOR Charlie,Bronze Medal,1
1698,SENKUTE Viktorija,Bronze Medal,1
1699,SENSS Elisa,Bronze Medal,1
1700,SEONG Seungmin,Bronze Medal,1
1701,SEPHO Jordan,Gold Medal,1
1702,SERDIO Abel,Bronze Medal,1
1703,SETEFANO Theresa,Gold Medal,1
1704,SEVENICH Vivian,Bronze Medal,1
1705,SEVICK Jessica,Silver Medal,1
1706,SHACKELL Alex,Gold Medal,1
1707,SHACKELL Alex,Silver Medal,1
1708,SHAHAM Ofir,Silver Medal,1
1709,SHARSHENBEKOV Zholaman,Bronze Medal,1
1710,SHAW Jaedyn,Gold Medal,1
1711,SHEARMAN Emily,Silver Medal,1
1712,SHENG Lihao,Gold Medal,2
1713,SHIDA Chiharu,Bronze Medal,1
1714,SHIELDS Nicole,Silver Medal,1
1715,SHIKINE Takahiro,Gold Medal,1
1716,SHIN Yubin,Bronze Medal,2
1717,SHNAIDER Diana,Silver Medal,1
1718,SHOJI Erik,Bronze Medal,1
1719,SHORTEN Rebecca,Silver Medal,1
1720,SHORTMAN Kate,Silver Medal,1
1721,SIKLOSI Gergely,Gold Medal,1
1722,SILACHAI Theerapong,Silver Medal,1
1723,SILDILLIA Kiliann,Silver Medal,1
1724,SILVA CARNEIRO Macris Fernanda,Bronze Medal,1
1725,SILVA RAMOS Ana Patricia,Gold Medal,1
1726,SILVA Rafael,Bronze Medal,1
1727,SILVA Rafaela,Bronze Medal,1
1728,SIMBINE Akani,Silver Medal,1
1729,SINGH Gurjant,Bronze Medal,1
1730,SINGH Hardik,Bronze Medal,1
1731,SINGH Harmanpreet,Bronze Medal,1
1732,SINGH Jarmanpreet,Bronze Medal,1
1733,SINGH Mandee,Bronze Medal,1
1734,SINGH Manpreet,Bronze Medal,1
1735,SINGH Sarabjot,Bronze Medal,1
1736,SINGH Shamsher,Bronze Medal,1
1737,SINGH Sukhjeet,Bronze Medal,1
1738,SINIAKOVA Katerina,Gold Medal,1
1739,SINKOVIC Martin,Gold Medal,1
1740,SINKOVIC Valent,Gold Medal,1
1741,SJOESTROEM Sarah,Gold Medal,2
1742,SKINNER Avery,Silver Medal,1
1743,SKODBORG MERRALD Nanna,Silver Medal,1
1744,SKOGRAND Stine,Gold Medal,1
1745,SLAGTER Arvin,Gold Medal,1
1746,SLEEKING Brigitte,Bronze Medal,1
1747,SLIWKA Aleksander,Silver Medal,1
1748,SLOTH Nadja Aaboe,Silver Medal,1
1749,SMETOV Yeldos,Gold Medal,1
1750,SMITH Alanna,Bronze Medal,1
1751,SMITH Austen Jewell,Bronze Medal,1
1752,SMITH Austen Jewell,Silver Medal,1
1753,SMITH David,Bronze Medal,1
1754,SMITH Kieran,Silver Medal,1
1755,SMITH Penny,Bronze Medal,1
1756,SMITH Regan,Gold Medal,2
1757,SMITH Regan,Silver Medal,3
1758,SMITH Sophia,Gold Medal,1
1759,SMITH Tatjana,Gold Medal,1
1760,SMITH Tatjana,Silver Medal,1
1761,SOARES FERREIRA Beatriz Iasmin,Bronze Medal,1
1762,SOARES Gabriel,Silver Medal,1
1763,SOARES Julia,Bronze Medal,1
1764,SOERUM Christian Sandlie,Bronze Medal,1
1765,SOH Wooi Yik,Bronze Medal,1
1766,SOLBERG-ISAKSEN Sanna,Gold Medal,1
1767,SOLBERG-OESTHASSEL Silje,Gold Medal,1
1768,SONE Akira,Silver Medal,1
1769,SONG Jiayuan,Bronze Medal,1
1770,SONNETT Emily,Gold Medal,1
1771,SORRIBES TORMO Sara,Bronze Medal,1
1772,SOUTHAM Flynn,Bronze Medal,1
1773,SOUTHAM Flynn,Silver Medal,1
1774,SOUZA Beatriz,Bronze Medal,1
1775,SOUZA Beatriz,Gold Medal,1
1776,SOYIZWAPI Siviwe,Bronze Medal,1
1777,SPAETH David,Silver Medal,1
1778,SPECMAN Rosko,Bronze Medal,1
1779,SPENDOLINI SIRIEIX Andrea,Bronze Medal,1
1780,SPIRITO Ilaria,Gold Medal,1
1781,SPIVEY Taylor,Silver Medal,1
1782,SPOORS Lucy,Gold Medal,1
1783,SPOORS Phoebe,Bronze Medal,1
1784,STANCO Silvana Maria,Silver Medal,1
1785,STEINERT Christoph,Silver Medal,1
1786,STEWART Breanna,Gold Medal,1
1787,STEWART Eve,Bronze Medal,1
1788,STEWART Mark,Silver Medal,1
1789,STEYAERT Sarah,Bronze Medal,1
1790,STOCKDALE Joseph,Gold Medal,1
1791,STOJKOVIC Lena,Bronze Medal,1
1792,STONA Roje,Gold Medal,1
1793,STRAUCH Jenna,Silver Medal,1
1794,STRAZEL Matthew,Silver Medal,1
1795,STUBBLETY-COOK Zac,Bronze Medal,1
1796,STUBBLETY-COOK Zac,Silver Medal,1
1797,SU Weide,Silver Medal,1
1798,SUGINO Takaaki,Gold Medal,1
1799,SULAMANIDZE Ilia,Silver Medal,1
1800,SULLIVAN Sammy,Bronze Medal,1
1801,SUMIT Sumit,Bronze Medal,1
1802,SUN Jiajun,Gold Medal,1
1803,SUN Mengya,Gold Medal,1
1804,SUN Yingsha,Gold Medal,2
1805,SUN Yingsha,Silver Medal,1
1806,SUSAKI Yui,Bronze Medal,1
1807,SUWANNAPHENG Janjaem,Bronze Medal,1
1808,SVERTSOV Diana,Silver Medal,1
1809,SWANSON Charlie,Gold Medal,1
1810,SWANSON Charlie,Silver Medal,1
1811,SWANSON Mallory,Gold Medal,1
1812,SWATOWSKA-WENGLARCZYK Martyna,Bronze Medal,1
1813,SWIATEK Iga,Bronze Medal,1
1814,SYLLA Myriam Fatime,Gold Medal,1
1815,SYMONDS Florence,Silver Medal,1
1816,SZATMARI Andras,Silver Medal,1
1817,SZEREMETA Julia,Silver Medal,1
1818,SZILAGYI Aron,Silver Medal,1
1819,TABASH Christian,Bronze Medal,1
1820,TACCHINI Carlo,Silver Medal,1
1821,TADDEUCCI Ginevra,Bronze Medal,1
1822,TAHIF Adil,Bronze Medal,1
1823,TAINA,Silver Medal,1
1824,TAKAICHI Miku,Silver Medal,1
1825,TAKASHIMA Risa,Bronze Medal,1
1826,TAKATANI Daichi,Silver Medal,1
1827,TAKAYAMA Rika,Silver Medal,1
1828,TALACOLO Joseva,Silver Medal,1
1829,TALAKHADZE Lasha,Gold Medal,1
1830,TALBOT Steph,Bronze Medal,1
1831,TAMAI Rikuto,Silver Medal,1
1832,TAMIRES,Silver Medal,1
1833,TAN Jinzhuang,Silver Medal,1
1834,TAN Ning,Silver Medal,1
1835,TANAKA Toshiyuki,Bronze Medal,1
1836,TANFIELD Charlie,Silver Medal,1
1837,TANG Chia-Hung,Bronze Medal,1
1838,TANG Muhan,Bronze Medal,1
1839,TANG Qianting,Bronze Medal,1
1840,TANG Qianting,Silver Medal,2
1841,TANIGAWA Wataru,Gold Medal,1
1842,TAPPER Naya,Bronze Medal,1
1843,TARCIANE,Silver Medal,1
1844,TARGHALLINE Oussama,Bronze Medal,1
1845,TARHAN Sevval Ilayda,Silver Medal,1
1846,TARNOVSCHI Serghei,Bronze Medal,1
1847,TARRAFETA Ian,Bronze Medal,1
1848,TATUM Jayson,Gold Medal,1
1849,TAURASI Diana,Gold Medal,1
1850,TAYLOR Harriet,Bronze Medal,1
1851,TAYLOR Kai,Bronze Medal,1
1852,TAYLOR Kai,Silver Medal,1
1853,TAYLOR-BROWN Georgia,Bronze Medal,1
1854,TAZHUDINOV Akhmed,Gold Medal,1
1855,TEACHOUT Kristina,Bronze Medal,1
1856,TEBA Iowane,Silver Medal,1
1857,TEBOGO Letsile,Gold Medal,1
1858,TEBOGO Letsile,Silver Medal,1
1859,TELGENKAMP Duco,Gold Medal,1
1860,TEMPLE Matthew,Bronze Medal,1
1861,TEN BROEK Nina,Bronze Medal,1
1862,TENAS Arnau,Gold Medal,1
1863,TENTOGLOU Miltiadis,Gold Medal,1
1864,TERRE Martina,Gold Medal,1
1865,TERRY Twanisha,Gold Medal,1
1866,TERTSCH Lisa,Gold Medal,1
1867,THAIS,Silver Medal,1
1868,THIAM Nafissatou,Gold Medal,1
1869,THOMAS Alyssa,Gold Medal,1
1870,THOMAS Benjamin,Gold Medal,1
1871,THOMAS Gabrielle,Gold Medal,3
1872,THOMAS Lowri,Gold Medal,1
1873,THOMPSON Jordan,Silver Medal,1
1874,THOMPSON Kishane,Silver Medal,1
1875,THORPE Isabelle,Silver Medal,1
1876,THROSSELL Brianna,Gold Medal,1
1877,TIAFACK Nelvie Raman,Bronze Medal,1
1878,TILLIE Kevin,Gold Medal,1
1879,TIMO Andy,Gold Medal,1
1880,TIO CASAS Iris,Bronze Medal,1
1881,TITA Ruggero,Gold Medal,1
1882,TITMUS Ariarne,Gold Medal,2
1883,TITMUS Ariarne,Silver Medal,2
1884,TOCCALINO Sofia,Bronze Medal,1
1885,TOFT Sandra,Bronze Medal,1
1886,TOLA Tamirat,Gold Medal,1
1887,TOLEDANO LAUT Blanca,Bronze Medal,1
1888,TOLO Marianna,Bronze Medal,1
1889,TOMOTO Kazuma,Bronze Medal,1
1890,TONIUTTI Benjamin,Gold Medal,1
1891,TORRES GIL Jose,Gold Medal,1
1892,TOTKA Sandor,Silver Medal,1
1893,TOUBLANC Alicia,Silver Medal,1
1894,TOULSON Lois,Bronze Medal,1
1895,TOUZAINT Nicolas,Silver Medal,1
1896,TRANBORG Mette,Bronze Medal,1
1897,TREW Arisa,Gold Medal,1
1898,TRINCHINETTI Eugenia,Bronze Medal,1
1899,TRITTEL PAUL Florian,Gold Medal,1
1900,TRUFFERT Adrien,Silver Medal,1
1901,TRUMAN Joseph,Silver Medal,1
1902,TSELIDIS Theodoros,Bronze Medal,1
1903,TSIKHANTSOU Yauheni,Bronze Medal,1
1904,TSUNODA Natsumi,Gold Medal,1
1905,TSUNODA Natsumi,Silver Medal,1
1906,TUMER Berkim,Bronze Medal,1
1907,TUNJUNG Gregoria Mariska,Bronze Medal,1
1908,TURNBULL Hamish,Silver Medal,1
1909,TUROBOYEV Muzaffarbek,Bronze Medal,1
1910,TURRIENTES Benat,Gold Medal,1
1911,TUWAI Jerry,Silver Medal,1
1912,TWELLAAR Melvin,Silver Medal,1
1913,TWIGG Emma,Silver Medal,1
1914,TYNYBEKOVA Aisuluu,Bronze Medal,1
1915,UBOVIC Nemanja,Gold Medal,1
1916,UENO Yuka,Bronze Medal,1
1917,ULLRICH Logan,Silver Medal,1
1918,UNRUH Florian,Silver Medal,1
1919,UPADHYAY Lalit Kumar,Bronze Medal,1
1920,USCINS Renars,Silver Medal,1
1921,VAAST Kauli,Gold Medal,1
1922,VADLAU Lara,Gold Medal,1
1923,VALENCIA Alejandra,Bronze Medal,1
1924,VALENTE Jennifer,Gold Medal,2
1925,VALENTINI Chloe,Silver Medal,1
1926,VALENZUELA Shalaya,Silver Medal,1
1927,VALIEV Chermen,Bronze Medal,1
1928,VALLADONT Jean-Charles,Silver Medal,1
1929,VARFOLOMEEV Darja,Gold Medal,1
1930,VARGA Adam,Silver Medal,1
1931,VAUGHAN Tara,Gold Medal,1
1932,VAVIC Marko,Bronze Medal,1
1933,VAZQUEZ Ana,Bronze Medal,1
1934,VEEN Marijn,Gold Medal,1
1935,VEENENDAAL Anne,Gold Medal,1
1936,VEENSTRA Manon,Silver Medal,1
1937,VEILAWA Terio Tamani,Silver Medal,1
1938,VEKIC Donna,Silver Medal,1
1939,VERDE ALVAREZ Marco Alonso,Silver Medal,1
1940,VERGIAT Timothe,Silver Medal,1
1941,VERNON Ethan,Silver Medal,1
1942,VERSCHOOR Maria,Gold Medal,1
1943,VICO Nemanja,Gold Medal,1
1944,VICTOR,Bronze Medal,1
1945,VICTOR Lindon,Bronze Medal,1
1946,VIDTS Noor,Bronze Medal,1
1947,VIERU Denis,Bronze Medal,1
1948,VILLA Giorgia,Silver Medal,1
1949,VILLEGAS Aira,Bronze Medal,1
1950,VINCENT Katie,Bronze Medal,1
1951,VINCENT Katie,Gold Medal,1
1952,VINGELIS Sarunas,Bronze Medal,1
1953,VINTER BURGAARD Louise,Bronze Medal,1
1954,VISSER Impi,Bronze Medal,1
1955,VITALIS Coraline,Silver Medal,1
1956,VITIDSARN Kunlavut,Silver Medal,1
1957,VITORIA YAYA,Silver Medal,1
1958,VIVIANI Elia,Silver Medal,1
1959,VODISEK Toni,Silver Medal,1
1960,VOELZ Maren,Bronze Medal,1
1961,VOLPI Alice,Silver Medal,1
1962,VOS Marianne,Silver Medal,1
1963,VRINCEANU Ioana,Gold Medal,1
1964,VRINCEANU Ioana,Silver Medal,1
1965,VRLIC Josi,Silver Medal,1
1966,VUKICEVIC Ante,Silver Medal,1
1967,WAAKA Stacey,Gold Medal,1
1968,WADDY Davina,Bronze Medal,1
1969,WALAZA Bayanda,Silver Medal,1
1970,WALKER Kristina,Silver Medal,1
1971,WALLACE Kristy,Bronze Medal,1
1972,WALSH Gretchen,Gold Medal,2
1973,WALSH Gretchen,Silver Medal,2
1974,WAN Letian,Bronze Medal,1
1975,WANDRES Frederic,Gold Medal,1
1976,WANG Chang,Silver Medal,1
1977,WANG Changhao,Gold Medal,1
1978,WANG Chi-Lin,Gold Medal,1
1979,WANG Chuqin,Gold Medal,2
1980,WANG Ciyue,Gold Medal,1
1981,WANG Lanjing,Gold Medal,1
1982,WANG Liuyi,Gold Medal,2
1983,WANG Manyu,Gold Medal,1
1984,WANG Qianyi,Gold Medal,2
1985,WANG Shun,Bronze Medal,1
1986,WANG Xinjie,Bronze Medal,1
1987,WANG Xinyu,Silver Medal,1
1988,WANG Xueer,Bronze Medal,1
1989,WANG Zisai,Silver Medal,1
1990,WANG Zongyuan,Gold Medal,1
1991,WANG Zongyuan,Silver Medal,1
1992,WANYONYI Emmanuel,Gold Medal,1
1993,WARD McLain,Silver Medal,1
1994,WARDLEY Keyara,Silver Medal,1
1995,WARHOLM Karsten,Silver Medal,1
1996,WASHINGTON Haleigh,Silver Medal,1
1997,WASTENEYS Avalon,Silver Medal,1
1998,WATANABE Yuta,Bronze Medal,1
1999,WATSON Sam,Bronze Medal,1
2000,WEARN Matt,Gold Medal,1
2001,WEBER Emma,Gold Medal,1
2002,WEIGAND Justus,Silver Medal,1
2003,WEINBERG Adrian,Bronze Medal,1
2004,WEINSTEIN Claire,Silver Medal,1
2005,WEINTRAUB Maia Mei,Gold Medal,1
2006,WEITZEIL Abbey,Gold Medal,1
2007,WEITZEIL Abbey,Silver Medal,1
2008,WELLEN Niklas,Silver Medal,1
2009,WELSFORD Sam,Gold Medal,1
2010,WEMBANYAMA Victor,Silver Medal,1
2011,WERTH Isabell,Gold Medal,1
2012,WERTH Isabell,Silver Medal,1
2013,WESCHE Maddison-Lee,Silver Medal,1
2014,WESTON-WEBB Tatiana,Silver Medal,1
2015,WEYANT Emma,Bronze Medal,1
2016,WHITCOMB Sami,Bronze Medal,1
2017,WHITE Derrick,Gold Medal,1
2018,WHITTAKER Isabella,Silver Medal,1
2019,WICHUMA Weeraphon,Silver Medal,1
2020,WICKLER Clemens,Silver Medal,1
2021,WIENS Rylan,Bronze Medal,1
2022,WIETEN Tone,Gold Medal,1
2023,WIFFEN Daniel,Bronze Medal,1
2024,WIFFEN Daniel,Gold Medal,1
2025,WILDE Hayden,Silver Medal,1
2026,WILDE Rebecca,Bronze Medal,1
2027,WILKERSON Brandie,Silver Medal,1
2028,WILKES Oliver,Bronze Medal,1
2029,WILKINSON Micah,Bronze Medal,1
2030,WILLEMS Gabriella,Bronze Medal,1
2031,WILLIAMS Alice,Silver Medal,1
2032,WILLIAMS Bianca,Silver Medal,1
2033,WILLIAMS Charity,Silver Medal,1
2034,WILLIAMS Gabby,Silver Medal,1
2035,WILLIAMS Jodie,Bronze Medal,2
2036,WILLIAMS Kerri,Bronze Medal,1
2037,WILLIAMS Lily,Gold Medal,1
2038,WILLIAMS Lynn,Gold Medal,1
2039,WILLIAMS Noah,Bronze Medal,1
2040,WILLIAMS Noah,Silver Medal,1
2041,WILLIAMS Shaun,Bronze Medal,1
2042,WILSON A'ja,Gold Medal,1
2043,WILSON Emma,Bronze Medal,1
2044,WILSON Quincy,Gold Medal,1
2045,WILSON Quincy,Silver Medal,1
2046,WINDFEDER Lukas,Silver Medal,1
2047,WINNINGTON Elijah,Bronze Medal,1
2048,WINNINGTON Elijah,Silver Medal,1
2049,WITZKE Luca,Silver Medal,1
2050,WOLF Aaron,Silver Medal,1
2051,WOLFF Andreas,Silver Medal,1
2052,WOLLASTON Ally,Bronze Medal,1
2053,WOLLASTON Ally,Silver Medal,1
2054,WOLVES Iris,Bronze Medal,1
2055,WONG-ORANTES Justine,Silver Medal,1
2056,WONGPATTANAKIT Panipak,Gold Medal,1
2057,WOOD Oliver,Silver Medal,1
2058,WOODHEAD Dylan,Bronze Medal,1
2059,WOODMAN-WICKLIFFE Portia,Gold Medal,1
2060,WOODS Kimberley,Bronze Medal,2
2061,WORTELBOER Floris,Gold Medal,1
2062,WU Peng,Silver Medal,1
2063,WU Qingfeng,Bronze Medal,2
2064,WU Shih Yi,Bronze Medal,1
2065,WU Yu,Gold Medal,1
2066,WUNSCH Olivia,Gold Medal,1
2067,WYNNE-GRIFFITH Oliver,Silver Medal,1
2068,XIANG Binxuan,Gold Medal,1
2069,XIAO Ruoteng,Bronze Medal,1
2070,XIAO Ruoteng,Silver Medal,1
2071,XIAO Yanning,Gold Medal,1
2072,XIE Siyi,Gold Medal,1
2073,XIE Yu,Gold Medal,1
2074,XU Jiayu,Gold Medal,1
2075,XU Jiayu,Silver Medal,2
2076,XU Shixiao,Gold Medal,1
2077,XU Wenyu,Silver Medal,1
2078,YABUSELE Guerschon,Silver Medal,1
2079,YAMADA Masaru,Silver Medal,1
2080,YAN Langyu,Bronze Medal,1
2081,YANG Hao,Gold Medal,1
2082,YANG Jiayu,Gold Medal,1
2083,YANG Jiin,Gold Medal,1
2084,YANG Junxuan,Bronze Medal,3
2085,YANG Junxuan,Silver Medal,1
2086,YANG Liu,Silver Medal,2
2087,YANG Wenlu,Silver Medal,1
2088,YANG William,Silver Medal,1
2089,YANG Xiaolei,Silver Medal,1
2090,YASMIM,Silver Medal,1
2091,YAVI Winfred,Gold Medal,1
2092,YAZDANICHARATI Hassan,Silver Medal,1
2093,YE Jiao,Silver Medal,1
2094,YEARGIN Nicole,Bronze Medal,2
2095,YEE Alex,Bronze Medal,1
2096,YEE Alex,Gold Medal,1
2097,YEPEZ GUZMAN Lucia Yamileth,Silver Medal,1
2098,YGUERAVIDE Sandra,Silver Medal,1
2099,YILDIRMIS Abdullah,Bronze Medal,1
2100,YILDIZ KAHRAMAN Esra,Bronze Medal,1
2101,YONG Joshua,Bronze Medal,1
2102,YOON Hyunji,Bronze Medal,1
2103,YOON Jisu,Silver Medal,1
2104,YOSHIOKA Miho,Silver Medal,1
2105,YOSHIZAWA Coco,Gold Medal,1
2106,YOUNG Jackie,Gold Medal,1
2107,YOUSSIFOU Laila,Silver Medal,1
2108,YU Anhui,Silver Medal,1
2109,YU Yiting,Bronze Medal,2
2110,YULO Carlos Edriel,Gold Medal,2
2111,YUSUPOV Alisher,Bronze Medal,1
2112,ZAADI DEUNA Grace,Silver Medal,1
2113,ZALATY Yauheni,Silver Medal,1
2114,ZARE Amir Hossein,Silver Medal,1
2115,ZATORSKI Pawel,Silver Medal,1
2116,ZAZZERI Lorenzo,Bronze Medal,1
2117,ZEGHDAR Antoine,Gold Medal,1
2118,ZEIDLER Oliver,Gold Medal,1
2119,ZHADRAYEV Demeu,Silver Medal,1
2120,ZHANG Boheng,Bronze Medal,1
2121,ZHANG Boheng,Silver Medal,2
2122,ZHANG Qiongyue,Bronze Medal,1
2123,ZHANG Yayi,Gold Medal,1
2124,ZHANG Ying,Silver Medal,1
2125,ZHANG Yufei,Bronze Medal,5
2126,ZHANG Yufei,Silver Medal,1
2127,ZHANG Zhizhen,Silver Medal,1
2128,ZHAO Jie,Bronze Medal,1
2129,ZHENG Qinwen,Gold Medal,1
2130,ZHENG Si Wei,Gold Medal,1
2131,ZHONG Jiaqi,Silver Medal,1
2132,ZHOU Yaqin,Silver Medal,1
2133,ZHUMANAZAROVA Meerim,Silver Medal,1
2134,ZIETARSKI Miroslaw,Bronze Medal,1
2135,ZOU Jingyuan,Gold Medal,1
2136,ZOU Jingyuan,Silver Medal,2
2137,ZOU Meirong,Silver Medal,1
2138,ZSOMBOR-MURRAY Nathan,Bronze Medal,1
2139,ZUVELA Marko,Silver Medal,1
2140,ZWICKER Martin,Silver Medal,1
2141,ZWOLINSKA Klaudia,Silver Medal,1
2142,da SILVA Ana Carolina,Bronze Medal,1
2143,de BROUWER Bregje,Bronze Medal,1
2144,de BROUWER Noortje,Bronze Medal,1
2145,de COLO Nando,Silver Medal,1
2146,de GENNARO Giovanni,Gold Medal,1
2147,de GENNARO Monica,Gold Medal,1
2148,de GEUS Jonas,Gold Medal,1
2149,de GRAAF Sander,Silver Medal,1
2150,de JONG Roos,Silver Medal,1
2151,de JONG Worthy,Gold Medal,1
2152,de MOL Joe,Gold Medal,1
2153,de PINA David,Bronze Medal,1
2154,de VILDER Derck,Gold Medal,1
2155,de WAARD Xan,Gold Medal,1
2156,de WITTE Lisanne,Silver Medal,1
2157,dos SANTOS Alison,Bronze Medal,1
2158,le COZ Gireg,Silver Medal,1
2159,le GOFF Nicolas,Gold Medal,1
2160,van AANHOLT Odile,Gold Medal,1
2161,van AERT Wout,Bronze Medal,1
2162,van ASS Seve,Gold Medal,1
2163,van BELLE Lisa,Bronze Medal,1
2164,van DAM Thijs,Gold Medal,1
2165,van DOORN Gert-Jan,Silver Medal,1
2166,van DORP Simon,Bronze Medal,1
2167,van DYK Jo-Ane,Silver Medal,1
2168,van GRONINGEN Gianina Elena,Silver Medal,1
2169,van HEIJNINGEN Steijn,Gold Medal,1
2170,van LAARHOVEN Renee,Gold Medal,1
2171,van LIEROP Lennart,Gold Medal,1
2172,van LITH Hailey,Bronze Medal,1
2173,van LOON Tijmen,Gold Medal,1
2174,van OPZEELAND Luuc,Bronze Medal,1
2175,van ROUWENDAAL Sharon,Gold Medal,1
2176,van WYK Shilton,Bronze Medal,1
2177,van de KERKHOF Jacob,Silver Medal,1
2178,van de KRAATS Simone,Bronze Medal,1
2179,van de WIEL Anne,Silver Medal,1
2180,van de WOUW Hetty,Silver Medal,1
2181,van den BERG Roy,Gold Medal,1
2182,van den BOSSCHE Fabio,Bronze Medal,1
2183,van der BIJ Jan,Silver Medal,1
2184,van der DUIN Maike,Bronze Medal,1
2185,van der HORST Dimeo,Gold Medal,1
2186,van der SCHOOT Myrte,Silver Medal,1
2187,van der SLOOT Sabrina,Bronze Medal,1
2188,van der VLEUTEN Maikel,Bronze Medal,1
2189,van der WESTHUYZEN Jean,Bronze Medal,1
2190,van der WESTHUYZEN Pierre,Silver Medal,1
2191,von BREDOW-WERNDL Jessica,Gold Medal,2
